identity	sha256:374ee1c2c5bc0065d6cd9161f2e9d6240d00ca3439d3d3a3f748e8fe195a4b7b	sha256:308ae74a24436098841167f694011af149e771b086a2eccb373662ee1e74868c	2	140	41	1	463	37540
identity	sha256:e6d6ad3f99ac0361f67ac4aaf350ff9e5f584f7a364c8318588b6a7fbb61a298	sha256:a53e1a588a04268d7e494b62b0ddc3bb4fea5a5b5a32fd33810e77adc399a355	2	140	41	1	466	37780
identity	sha256:f1c0f9ddbcbccd081f8324b6b5dd6a46b9d0013f9e52ca2721a4a2f56e4c7d39	sha256:d1a7d078e940abed7463cae04481f4ace62df935fd5c74f01cb345d28a87218e	2	142	41	2	507	40946
int-add	sha256:209afeee2b9980ae2c2ba5010d8f204bff7634230ddcd4bc5ecc50c98258d348	sha256:66cd75be28dfd9bc7be8b9636cd632d181b55957f239a430757be4630b0fa78a	2	152	37	1	466	37848
int-add	sha256:5e54f986cd60346540bda920b37652739f2e0c5b661490ddb75ab5c367e48444	sha256:c3579202bf7d861dc7f453e463771dada992f39c0e104819c1a61ed9ae78628e	2	154	37	2	510	41254
int-add	sha256:8d32265cb751ab824a14d6cc2d7bb51f13e20553fdb87b5e98e5b6b664ed4a76	sha256:7c7135267e29f35d14ba66ffd31dbcda0c5712a7426ad964480cf3d8867fa8d2	2	152	37	1	479	38878
int-add	sha256:de78a7283b941115d7157c7375cc8d2cdb70e6add281428c07ba1bdf26c8064b	sha256:94ec56fc6c575954cf5a6f2dceefed573ca28d7a087b1af9888fef166d1ecc64	2	152	37	1	469	38088
int-sub	sha256:42723af9b5d0de8d56ddedf4092f9bf11bc511e30e513517399389b300fcf43d	sha256:b5ff34d266d66df026f9e1ca4961e49599814bf5f355bf8ff90dc86de07d2c1a	2	152	37	1	479	38878
int-sub	sha256:6e9dde9634f015249a4066dee707508ac0d844dddcdbcf3c817fd8f7f91d2efc	sha256:7d6cf050e961a823d8ccefbee70bf115b29b8ecf09f0512ee3d55c1cac64f963	2	154	37	2	510	41254
int-sub	sha256:c86b5c6223fe8b36f2e9d636781252ce9b92b92bed1846d313a9e22dcbdd975a	sha256:89677ea3cc43589a2a390e8547fafb1368adb44b2ccf3eae1e664d8931114a0e	2	152	37	1	466	37848
int-sub	sha256:dc94a0fedf48740dadd58165fc3c1e8559bb28deeb544d7217f33b453285a344	sha256:68feabb451544db8d1ec23dba8fe669429650951448d8d14a05e1b5a456a868c	2	152	37	1	469	38088
fixed-add	sha256:61e60117f122dac792f7e58e65ab9f843ad394d64bb08109d68965a2b2d5dad6	sha256:a8830785c3c62d9893f6ae29d22913a24651e8beb51303681c61b540747fe125	2	152	37	1	466	37847
fixed-add	sha256:793b5a8bd8045675b00d127570cd19112ac430bbf8051d53a5383776d9e95649	sha256:15e85b3692acecfc2ea19adfdb02baca1ee6ae1c99288a2a57de23ffec3146fa	2	154	37	2	510	41253
fixed-add	sha256:97f12be65b59afa90f02ef6310fe9c5f01f82bcdb3826745d104c00cfc78fc48	sha256:82e1434fcb46d65eb6b816d3457b04a40fd99ed5296b947907d213986f22145d	2	152	37	1	479	38877
fixed-add	sha256:d69a698cbbed686fd3be9efbfd08f7304215272376fcba7e74f98a0b99bf0f4a	sha256:9cbfcabfa62fc8a7f16d005af3e64c72b6058de4dde557e6e6d7e46ccd3fac12	2	152	37	1	469	38087
fixed-sub	sha256:b265272158608be7e9cc03f934da9dc8555cd393ed26eb781b0782b6ec6740cc	sha256:eebf4a7e5814b4e7b2779d2940516efc221e7f59f543a8511c2e822feb860c22	2	152	37	1	466	37847
fixed-sub	sha256:c801e022ca810bc70538bbd58171b04beadb80f533452dae89772bbdf46b94ae	sha256:fcffe1f8bf1153117ac890c1949d93cb4809064d0058158d058e98641b1265c6	2	152	37	1	469	38087
fixed-sub	sha256:dc3c88d333791d034d2dd7abc2651addca213e82aed8eecab27df41f2b62012f	sha256:e421046d5d0f97c3ad7c9a8d7507a27934d2aa67c9146db4f4ae81d41b6276f8	2	152	37	1	479	38877
fixed-sub	sha256:fcb2a2bd16276f6aad91698dfccee4b6cf1135f9aa0547ed565854f71153266c	sha256:15bf83bcf57c4aadaafcf2393d217bcf956d9eed043b0b5a02fc560e48d00e61	2	154	37	2	510	41253
conditional-range	sha256:0cef0145ef15c7f17aec9f8b704fc25c2dba00707212fb251cc7016568e4926c	sha256:b739ce3dfe506731e8f4cf9c8146d9e96e81c0d57155ed00e3cf4546c2bcae57	2	176	51	1	573	46396
conditional-range	sha256:87cd2cc5ab7e03a4e560e2f0fe7115f3c749669f338f8f4e009a16e06a99dd65	sha256:c039f103e89485e93a054e8ae2bb0a901a09789fef379b17a96ad0722377d88f	2	176	51	1	563	45606
conditional-range	sha256:daddc533be4c7c6e2da059c99726ed9c8634d3398866e0632737ec7e8d6ffcc6	sha256:d70b53878e5be6ece0ce68ad468bac3e51204ff00115f73fc51809858cd13e5f	2	176	51	1	560	45366
conditional-range	sha256:dfaf3a77cc06d7f280ed0f40c0827bb8377ecd5c597997280671e7a9ff5f66f6	sha256:71b14c3700c2f5f3e865c3c1e0b054170633d968e2b44245bda5c623c5279304	2	176	51	1	573	46396
conditional-range	sha256:ec01561834cf79ab9498c5a778d9d220683485ad981489e2c899fd24ee47da92	sha256:fc029cde6ec1e735c293ed1b6b1f3c1ad368a892d3971fdc97954818ca03fd1e	2	178	51	2	604	48772
dead-range	sha256:247744424f366380c1429c78819e6aff568ec3cd1754bb4204ade2a3c1886974	sha256:a148175efa4ca39735d3436d015ea3433f652fddb8ae6d0bc673de2d31889c17	2	166	43	2	554	44712
dead-range	sha256:7d056a9ebb1a6e449ec2986b0bf82c5b653ceb93eb5e67d8bf6680ee5f58fc7a	sha256:2a498bf9c3f8d960c6c14465da447a30454cb19649af8389aadda1ec3e861eb3	2	164	43	1	523	42336
dead-range	sha256:e2a60a32b5cedfef6772d052171418f4224c5e47dab9e264a8b48e760f6e89ae	sha256:b4f4cfbb6d6fe3a5cf3af4b8d094b590cb5ba322cb03ff21c6519a11b4723367	2	164	43	1	513	41546
dead-range	sha256:ff7d08bffd82e7b09010118a9ab0594faf3a3f4577c904833841d8471dd87316	sha256:e5e618bb4285180e438dc06ef2d5194f335ff2c24844197c6e4f128235b503cf	2	164	43	1	510	41306
filter-reach	sha256:85128d077ab8751fd004a7b01188289e499686a36fcc5726f6185744b6fc13dc	sha256:491cec661c0961d1e4455cff8aa7b011208a5c63928ae8eb88b42e41ed9ad3ae	2	163	39	1	516	41891
filter-reach	sha256:ba7e792171ab34ae56ed84c3c7c049b0c826c7e0d7b7a44154ab7be05fdb9122	sha256:ae258c5adea19429ba42ba4cdc1af8693b09aa701cfda3c7b4da3692dfeaa4a6	2	163	39	1	519	42131
filter-reach	sha256:be148313a62e6fc4316eade03569be25d4553f1040d98ff26e59d462ad45e67e	sha256:d4a28b3d55832a2d8ec919a22a9a4b73a2349ecbd0a8a63de01910cf1a2b664e	2	165	39	2	546	44306
filter-reach	sha256:d646809e7acf358b1224f1af167ab2a92227d3d14c3a643d08adfaffebd939e1	sha256:f01cbb588a994617f47824f21db207c3ae681862d6bb6a10ef387b744a923a3f	2	165	39	2	560	45302
filter-reach	sha256:e1b0c050cb38cbdcd0443aac6df8d9611206745043a500ddbb5da19455714a44	sha256:34e8daddbd18f038732dddf61cd2dd3c3ba399b2bcfb654d8cb0e22f01381f83	2	163	39	1	529	42921
filter-reach	sha256:ef254a495c9bdbd0b4417aeea5d168ec5aefffdaaeac6e9682b6e7b8ef2a03a1	sha256:c2baafd1c40140546454b45b2f93dbceb2dabaafd43e878be3d59c7f018a3b5f	2	163	39	1	516	41891
filter-capacity	sha256:03f7e5d8d90f5964438840b1023a26afe401b08fcef5562feb393c2545f972b5	sha256:a923edc77d4ab1ade7fb8973eb4c87cf2f665d7d0eabb21ad3721807387b0938	2	139	35	1	462	37460
filter-capacity	sha256:1f2f1d65e0efadd56c76f007a81a73869df5ac25284d2b77e860c19fae806893	sha256:2db9454e2cd35801b603a0a6f273b2d66b560975f2bf2fa9e7521cb6404f8d3d	2	141	35	2	492	39875
filter-capacity	sha256:6b48880334c0fb254147402094e9204582160531cb15148dfaad1d83a572d005	sha256:bdf92d493c57b814061bdc07f48271c45ce96224558214f51eb3e6f18b5e6f53	2	141	35	2	506	40871
filter-capacity	sha256:8dc95ac42134dfdfda2b653e8120818756e344f1408e32e00da4b4f3aaa50560	sha256:1159979fe2704dccf91080c447453b85b9d7237ff0a227cefe47d96f384cfe4e	2	139	35	1	465	37700
filter-capacity	sha256:df23148f6ad78cc682c0c83182b3e5d83e941018139ed25cd626c665b9e85cca	sha256:5ae6fb3713be592c6774f553ca9d0a0b6088a47e69b57001a5fef2f8bb81857d	2	139	35	1	462	37460
strict-or	sha256:495078073e7c23690c2e0da1d3e578328f411904c00e73f2613fe3932f4dcd13	sha256:ee6914bafcb7e6f987a9add2ef9f56ca6fbcbe90d16609a13774a2a873f032c9	2	153	39	2	503	40679
strict-or	sha256:d321d5414e5089a6f54c16a6587a6d2fdde1ea549ea25b6b6766d3e7ed66ffe6	sha256:03a037a974762c24982a3678d95c4f7011d3ade5797f88d79a3076d93dae0127	2	151	39	1	459	37273
strict-or	sha256:e63c77bde39966cb9d1554709a661c22e4cb34b6ee4723019aec8975f184fd69	sha256:08e70924d0d8969dd731b45abeed21ed803c667e5b937384d07d9b7938ca7f33	2	151	39	1	462	37513
strict-or	sha256:ef8beb36987db257fd0839a8e1683306c661742401b1c65737994d8bf4161967	sha256:2973970f9c7ff11f8d4e94b562b98ca01f5a4bfd1fa92ab04635f3831ec38bbb	2	151	39	1	466	37824
strict-and	sha256:054934f56a1fa2d36b55269faad5e355cdfe49bef405ae33956eeda76a8fed1e	sha256:16bc400d92199f6b0738add611fe3fbd51672184db497acb7e1a6f74fb83dca6	2	151	39	1	466	37825
strict-and	sha256:2b94a99cb5eb39b3811875edd47a72d1b751de9e1d425d77b6689ae3d22f6f7b	sha256:c184707f16cfd6ee1756a16c6f5aa5e0eae9abfc85148446b4b4fdd570dad40f	2	151	39	1	462	37514
strict-and	sha256:4d6223e99438fb09ffe6af14fc95da5fcaf3f64415730536426e2b85e369578c	sha256:ab6f4ffa714fff43ebb5e112e4c045ce358bc4eb32e7cade435fb3f2f8489bf6	2	153	39	2	503	40680
strict-and	sha256:b1dcfd7038023708d6e1d9d707064cbc2373dd69cbc99368f30743d6ae6690bd	sha256:058d499ef11f8f9f990091c6e255c616430214781441e99ee0685ba0ca7687b7	2	151	39	1	459	37274
pre-false	sha256:4cecd9f2229538dd7153244f148d351af524b88a4da9e9349c1a8abcf61094b7	sha256:a17046a3763ec67a523ba599380c6d3b12c260b0e48e2a0820665dd9c42dc1f4	2	160	36	1	471	38274
pre-false	sha256:8396e2f239bd7e1a40c1250c8b97c215b2caa17b3a689b8ca2e60df4c882afcb	sha256:0b5cd34ae0204990223d1faced836b22d5e4a02247343ea54fed22f1efaf4248	2	160	36	1	484	39304
pre-false	sha256:98d3e3b8c86a17d0c87376a25ca7ab0a488e5fb36aa2d29acf9913fa841e4a6e	sha256:9deaca247c2fb4f944107b2a48fc4c0f9de4b301c3d989e01cfc64f33bbc4754	2	162	36	2	515	41680
pre-false	sha256:bc36f00797b520ccf9325492094602f46220fe857410bd621152fa1ea9a2e0c0	sha256:62218ab13a3f5e9e9d6d40ecc6f1dcd4c26b9ce5c98484c741a9d7761d6afc11	2	160	36	1	474	38514
pre-fault	sha256:20e503da3617cafa8028d10b5843500a3fa5722867babc37594a00323301a43c	sha256:017b5d25b0f17d448890c55992ed55e3b752395905da27a28ced1dedc1374cda	2	177	40	1	523	42496
pre-fault	sha256:267c8fa12052fd2c82ddd043bc843bf4ea2a6e73b70c72901b05bb7ba8b99c27	sha256:9f5ae577988bb590e952b0d514808e8f5da744e66dc4528fb967f5a6970a83cc	2	177	40	1	510	41466
pre-fault	sha256:472472271021de065db7b11f9c36e921c60aa577da5b8f34c81c9d905d51464a	sha256:770e3e9351448a96c3da332900ef4d84d10dd1e527bf8a676667a60ca7c60cbe	2	177	40	1	513	41706
pre-fault	sha256:705642dc93618c0466f8236632963de29f8fa8a78915bc7ffc9dae3e71ace12e	sha256:32b6366b7dd0e01e26ce5976c28c84a1a93c40f2ca1005c1a284d5d3992cdcca	2	179	40	2	554	44872
pre-fault	sha256:c6314e5cd16d26259bf96e3c97f45e2763b3ddd2ffc7777242205171af989ccd	sha256:7e4b7ec23858107c6f790fa61007230e4491198eba35ce9a0ca93c349ae71259	2	177	40	1	514	41775
pre-dependent	sha256:91c2f2a856009c25cea4ca55388d78a6dd8a0f8fffe993abce91367fc1237238	sha256:ab416cfbfb87367692db336df29c20a3afadb03224f9504ac9245465315e15eb	2	164	46	1	521	42250
pre-dependent	sha256:963ee6280fc19d21a49b893c29e811ae91ee93f903b9441e4b01e1191d6a8571	sha256:cb060db8c6fe8b5f88fe558e9bfe1ac9f4eca2a7bca0ab74a8a982138062987b	2	164	46	1	518	42010
pre-dependent	sha256:998fb46302a9f6a24466948aeb5cdd45b14afea8b04a96226658467c49701740	sha256:dfabf5724f114dbbb50996a4e4ae257af206263854ccd72fd23f3a80bde7489b	2	166	46	2	562	45416
pre-dependent	sha256:e220b838fc6de301cbeda3d23a045c6253ef2ed85f1aaf26007e7ae4dfecdcd9	sha256:45cacd5c93396139357a342d16bcad9a32e30e9d5dc37eb8f2a65ce360d1918e	2	164	46	1	531	43040
child-fault	sha256:51c24a82a20822814fc3cb782ac8d7cb946b34d8a7c00bf53e385c75ff44e258	sha256:0fdb4a6c6e377d122ed35a21ec6aedac16bf3c10d72654d7d988c552422d774c	2	180	39	1	533	43310
child-fault	sha256:8a98d819757c56201cb126fe73bc384a39e5e7b7ea52bb004804d0bfc24e493b	sha256:6b70d69adbbf598cbb260e7b602801f47d9c5e8954a1def579ce70b7930eee6f	2	180	39	1	520	42280
child-fault	sha256:b0ff9344560ecd25eb96e2d88e9434e62ab82298a3d95b912e81d78f94895bd0	sha256:a15355e6e75813edf461ef29a5a7da908f84efe9f816a856d99e5132c372143c	2	182	39	2	564	45686
child-fault	sha256:e5d32ccc50528bce1355e7cb545b759fd52b73ba59fff7aa2b0edf3546c04fe0	sha256:0fb46dd2538a170fa44be5e236482059c1df31e7b86e53f2f92bed78916a798b	2	180	39	1	533	43310
child-fault	sha256:e5fabaf45bc4898def2dfe2b5e39e34f21ee3cf01f146530ec3e64c738a7e2a3	sha256:9978d9b5d4e5d80fb8687c64a14e67732e1c59fc6d10b6f85b4a161f92adeb3c	2	180	39	1	523	42520
independent-node-fault	sha256:0d42f5af739dc231647ed9db722f5e0213107789f7c8c67b194b31f1a73e86aa	sha256:563bafe1c9ea99635c3f01d68f3c2fcfd3c416fdeef27c109f32155f58e6753a	2	201	73	1	644	52089
independent-node-fault	sha256:7735dcab0c2d119888ef70d3a878012247ff21f957e76193367e0f9aa14be939	sha256:3f6a27b0dd5b2867187418ffbbdff5a40151cbea6c8722e9675ebc24a13601f6	2	201	73	1	657	53119
independent-node-fault	sha256:851b83b4742066639aeee597d2dfec833d38ad025cdb1f1ed40f439193096fb0	sha256:1ec1eed6c22d498354cd0d75ccf4296cd02be68443c632e7fcb85edc1fc72810	2	201	73	1	644	52089
independent-node-fault	sha256:b2fc5bc9c5c4a35294707737140d56f1e339d08fa57860d9eb8324c4bf281eb7	sha256:eb7583a13aa5656c6a5a85c61db559d529cb2368ff798292fb6d8956335e3f2f	2	203	73	2	688	55495
independent-node-fault	sha256:d34b9774faff509fea3c143a36075681a7e437c84ba236d592995797f59427b7	sha256:6920e36291bb37ef08501b9e3d8c84c8f4da088ce9c9716e02c25e32244485e7	2	203	73	2	688	55495
independent-node-fault	sha256:da66339057547e97f98175cdd611adb077bd0a0f18d5b16827b0cb076eb8952d	sha256:7189e4c6c1feb42b790d97e819744711ca48113fac54fe361e60b7146179d224	2	201	73	1	647	52329
independent-node-fault	sha256:f80187c89528fe741ed72b51c75e1bc3bd89c4e12110516e1355fbac8a5c18aa	sha256:8b820d4ed487432fb69861b6b6809dda5333833b6247482396777dac7f023aec	2	201	73	1	657	53119
zero-capacity	sha256:c13b6957bad7c97bd6ef229f8f58af46dd45cec3ae0d9dd7a82ac1817e2f3b45	sha256:690f6c444e1afce95abed466dfff7c3fc716531b8a00c5f660ece8f8b0c754c8	0	52	1	0	27	2330
zero-capacity	sha256:e4e17bc0fe2086548d921385de421275f2f6a2acc0a8d55bf8ab9aaa87d29fb9	sha256:73c68dd10b8586b706a4f30d6b9553624b16732ded8d7609e7af104913733e79	0	52	1	0	24	2094
zero-capacity	sha256:f1f8ab302765cb6483b81210dd99befa5dbd04cdb8b39515e301e33232f615c7	sha256:b28cb33ceb939acc5c0802a9391de17a6c2d8efe5ba5c532a6b6766aa739ba05	0	52	1	0	32	2730
zero-capacity	sha256:fe2a51719d24b88c0637c4b2c23445a2ecb147c7207365edbec46f45c69ac684	sha256:0ff96f0cd00b608f1ee6d1458664449dc162f95f89ca8487de38ab6b169d71e5	0	52	1	0	22	1927
option-none-equality	sha256:9f8912f74c50f3e02ef1ed2f949194adad5d57f0bee7ac12f301da7eff4e8a80	sha256:433fb65d637a619b1e2ebba56d99a3c5dace775586269671b4e81d26bd9abaa4	2	152	41	1	504	40824
option-none-equality	sha256:c8ede2ad03cf614699f55c0145812af9e79d21db412bfe352fec36a8f6d75d92	sha256:e33edce41e11e73deea567ca111783c695c4f8502adf009f1623be6ed383e240	2	152	41	1	501	40584
option-none-equality	sha256:fd740815b1c99aad8e3de6315137b5ff762c72731435fa2665e7a9b080e33dc5	sha256:3a5015472f530ca33c284fdccad98c83e8469d4a856106aaeaed2672f207a5fc	2	154	41	2	545	43990
option-some-equality	sha256:4d85c7aa73c6f052ad0fd0e573bc7fe04616d76476e0dd4e10b07a425a247b92	sha256:503331ddee824d8b441fd04f1ed0f70674619d3d5922c3487bd5b8188ce3fd64	2	146	43	1	504	40824
option-some-equality	sha256:97f59540b712088f85555ffcf637f9afaed4c59741151c5a88edeb0da1760192	sha256:e0600f619fc2452a2f32b78cc2a6757d2ac3bde38e1e02bf098197b385ce875f	2	146	43	1	501	40584
option-some-equality	sha256:c0efc3f6d84606298f9cebd276a1e4dde6cada1e37ff3ed96365570b80163a17	sha256:59e39d3e89285fd842a4b4f4e210ffcdf810dd1a11fb4ce95e36f00442ba8649	2	148	43	2	545	43990
match-option	sha256:35f06b90bed971b4a3fbe55ed15a20e78f11ea46b9979d601dbf4b38a0d0796b	sha256:43c122da242a152cad93113f3910a843db542929e6814be8a0e9efe67bfe6e40	2	146	47	1	505	40812
match-option	sha256:3d0dc3b1ed67f7caff19a243607e86a932dc81873a5a1a907e6b374abd8a4740	sha256:48e4db6a8efa2789303affa87bc69bd4d7bef26fc6466b69ae45384f01bb5df7	2	146	47	1	508	41052
match-option	sha256:8eea2618bfc847ba82f66f3d8d22fd49230b8bed925a454ea16772b476d44d9b	sha256:07ffb719644e5fa177e97262663b2c262fd403a9cbd6dbad7e7977dc3e7583c0	2	148	47	2	549	44218
nested-option	sha256:b6f1e7650e59f5966dc9fde885b3970dbcef9acce32bcdf5ae22298c0f7d6dd8	sha256:490baa98967a5b77c5d128067930fd3793986fb07a04129a54868e6aaf08c765	2	151	36	2	495	39961
nested-option	sha256:da91504c1dc37da64ae054dbe377b72e0e82aa5d24d0ecb21d90451c0148833e	sha256:9c7d8e939f877529adc93df55eb51dea72324aeb59701f8ee25187c40a4a98e0	2	149	36	1	454	36795
nested-option	sha256:f836a28003cf80da5a276efa79ad2d6a6a9dda009e825cf54ddc85f81cf47c16	sha256:f4b0f835e810ffc27215db444b07d448500260705b25741660caafc6033624fa	2	149	36	1	451	36555
text-exact	sha256:27e0894ddfdb30d3ffe680e8439790f4cb9bb087ce921f6e9a1fa0335bae8c22	sha256:1358e0cd0be6eda0a01fd5f6bd3fcfb3acddb8060ba38fd53f412a99f24fb983	2	140	41	3	522	42130
text-exact	sha256:a9e76c45e90488b3c68cec37f4d047fea5133a24487b621948a5c555981a16e6	sha256:aaead53caab07a3b0159b15c79d82c7970f9f87b90bc6bbfa749fc97376e6bd7	2	138	41	2	478	38724
text-exact	sha256:d32f1b18ec6bab495de6cbdd1301bca1d1e07d4c0412637a35cd98c9c489187f	sha256:c8185f0c1826bbec38c94ecae0a4ebb2b8878a6b07445c8c5b02434d3ccfe15f	2	138	41	2	481	38964
unicode-literals	sha256:431175c3b74322dc1781917065730ea16ec87151aa8f4513f863ef3889d0587e	sha256:551007372c87751b26018c1e7f7187e9b12a04d8ad401baee5561b8353e81113	2	134	35	4	445	36111
unicode-literals	sha256:6ad440c7fcb05c6bc590fcd0534b7c8a946064c100f0fe6d19a14f76e867c92f	sha256:69e511ffd3d91a501a7e6b591b103010e68582bb7b16de9945fb949c7679cb0f	2	136	35	5	489	39519
unicode-literals	sha256:92836cbb49a2a8a8299ed45699277268d4619bf50fe227ebcc92d5ae6d85aa18	sha256:c7a7747fe1d68c7bd3c11bebc103897949aa29f28c30b1fdc90a10430a8a8ca7	2	134	35	4	448	36351
escaped-literal	sha256:0bc97489049095000ae0c16a74d4b82150d5e121eb6efae0f4475b94398d806a	sha256:a989e9b86b3960e02f08730232cb651db4c10c4c2c5ddbda52fbf024b7c935de	2	136	35	5	489	39519
escaped-literal	sha256:7bf2c69fbd3f2c2e59c71b78b9a2ebed837b21a5526fe3b22a68284f05c6887d	sha256:154821dbfd672f86ac63e31797ec7acb8cbe5f9700d1321c3904442e7881e8f5	2	134	35	4	448	36351
escaped-literal	sha256:af6f2b9b93222181aec468731543473dda6bef62238e9720965ee24db41cea57	sha256:d9cf18e43242bed1339bd8d5b3a1b4d4453be245d8f010e07a47f7d6cf46c574	2	134	35	4	445	36111
symbol-name-isolation	sha256:59397e2ac9a8b0a20d8499881f746be8d832974404e982bbb29b05dd412c4c33	sha256:8ea631680f70e6d93598a31d50b1e7e81dfcd2145896b8d009c4aac0abdc0a12	2	132	33	2	458	37012
symbol-name-isolation	sha256:79a0a7828a60c0e23d5956579a6134bda4aa4722f545d5249c97c048ee314cf9	sha256:67b420f834457707bc738b5b189c4a26687fd54a045895274bcba86bcabf2e59	2	130	33	1	414	33606
symbol-name-isolation	sha256:d9544a563b831ab1d37f111b3834e9b9c900c5dfe9239820ca6e04251897a153	sha256:17549d097ac4000d8bb4ea05b222b036ec66e99051970575a9cfca4a3bc97332	2	130	33	1	417	33846
compare-lt	sha256:0059d6a4d37f7e73c094b4b52bc693328351722e321f1b59bfdc950feb78dc51	sha256:40984d1782fbcd5a1843fb4c6812a519d999a977a565a2d54b1b28736b809f58	2	142	41	2	507	40938
compare-lt	sha256:17e9216b0d3ea0037e8b6b1ea2bb4a2273fa5d2dccf42eecace23ac2d456fc04	sha256:ea9ca8fd117718f16ea9204698c7305e63b64c7d09dc5ad1ef0bdd08dd3d006b	2	140	41	1	463	37532
compare-lt	sha256:cf6e2e3d318a3cc674e52399a540ea804cf54990c8a6be76b0d068a760e832e5	sha256:99aada73bb3a3ad8a9890183f563d764d28f887e3ce493f4a1f7e8deceda2f8c	2	140	41	1	466	37772
compare-le	sha256:80c4068f73c41c2785a4b767c3b56e26b0b463d0d9ed1990c4147760848d27a5	sha256:e1ee84edcd3e184fd36b8068a8eca93bb146f3c2fa1154a727fe06916b193400	2	140	41	1	466	37774
compare-le	sha256:b79d5272257a575741e323c397fb831824e1d90e65486da1d5c4d7c244902742	sha256:5bafa6abb9840af66adb84785b25ecc2993ca001346ac7fab8cf16f1e214b1db	2	140	41	1	463	37534
compare-le	sha256:feb390f29b81bb5c17a41967de7614179987e0fd5aebb0592abce146102e3d0f	sha256:c843cdecafcffb4894c027a8c88e962e4cc7a37ec77f68141056cfa7e9d8593f	2	142	41	2	507	40940
compare-gt	sha256:567c9ce8291aa16477f00ce67b232f5ae8fff36295e28a67240f25101ffaf11f	sha256:4eb251ad887ddddd37ded4b97590af3320016c1b5bb37019973903079949deb5	2	140	41	1	466	37772
compare-gt	sha256:c78e15decc0fcd52a1a1e161001a0bfd36cc9c88e2111a6a636bda82b8b237b1	sha256:d70846013cb1e566739b8b25b8cc9c48f88648bdadbda2c3d93047708e221fec	2	140	41	1	463	37532
compare-gt	sha256:def5dc96aa7b8fa82c28f75faf5098b8641a2f672630df34d011cd349124d38d	sha256:91485360293f26f86a21e45a5ded0603096e41ff7a15c4321a41157b87839f4d	2	142	41	2	507	40938
compare-ge	sha256:5d7e38d776e2a1774024bc5ab4ac551cebc2d45bfc58819f3e8a999bab166643	sha256:25c2d6115fabd7427220da8af480731b29e5bf711017ff53610be5b4680ff437	2	140	41	1	463	37534
compare-ge	sha256:e451bd4b8eb65dfe8edc08e9a9e73e2e4ae61804381916e11ff84bba25b2c81d	sha256:6b5ad0b11113ee8349411190c43885508699cfb7d44a6df61b93bfdd81882e96	2	140	41	1	466	37774
compare-ge	sha256:f99c570184c3f5b97fa052110ad33cb41524e72c618b9c95fede0d9007289750	sha256:e7ecf831cb13a46226995f4ff4cdc5b36caf99672219a25d64c02c8928ff6198	2	142	41	2	507	40940
enum-not	sha256:ccbc90b8f6dceca4b4e64bcfa099b6615b2e20337ace00c1c641a66cbeb4ecf8	sha256:ba32603ceddbdf94af11406083ad496e959ee2af2bdd54e10caf4b2568a0a29f	2	144	43	1	477	38681
enum-not	sha256:dded70ae33510051b5b9b034ecd424e514096acacd7f04fed3da47fd162ade98	sha256:b1a9dcfedcffc65a3d172444739961ca0a59f0e5cecda0cc834c6c0965700e67	2	144	43	1	480	38921
enum-not	sha256:dea61bc9e3c513a57994cf190bbb2e777fd61d5cd73f77d50347da5184d7eb4d	sha256:5abdadbf8df477ec6f329b5c647c55f8ebbe3a04abda5f711817f6f5667a5f76	2	146	43	2	521	42087
record-sibling-fault	sha256:0b4fe3a5dedb6bc7048996275534c4850439de7e3d467b70692ceccaf01617c5	sha256:7fbf4e88d5550e0f7697db258430a104c38fa0a05fd761252b79587024984593	2	163	43	2	513	41510
record-sibling-fault	sha256:21cd5551c978b7d12f3df74c08399fd78a3092114da4993d1c5e361867f39b4d	sha256:1bbb4332d6a6fa6d27aa674861e352a8cd2376ab6c079841c4300a63695ee7d7	2	161	43	1	472	38344
record-sibling-fault	sha256:dc4ed6c0125fd591dd2c48a9cb9fa38f0c8c70e6c13d79871a9543ff33ce98f3	sha256:f8b2f0f56fd989163a619231d272c1358a64b8a212c804451357d259aa5960b1	2	161	43	1	476	38655
record-sibling-fault	sha256:eecedab41f2b635d7d90ce1393522157b01e0a16c69ceb8273609bf8a4ce41fd	sha256:7c1021ba604ff8e765509a9692059e3b8e573dc09bf5d7a9213a7d69be26a2dc	2	161	43	1	469	38104
record-constructor	sha256:32c83bf8bef1114734ec614bf2b6c32003af417afb79e62cc13c8a27b90f3bc4	sha256:1238566da7f18d1f240ecf483a091a6ef39e81815516173c81cdbc6ce6567e94	2	164	45	1	472	38324
record-constructor	sha256:6b59e134b9bbbe461d8a1ba0d8b42e7c3d5a6e18cd8a3679c1a439819695cf0d	sha256:fd6abebdc201b569f03bbad39c64827458e8568047af64710431eb31c93b7b6c	2	164	45	1	485	39354
record-constructor	sha256:9c98a56a9011e050f681f6b4617a3616524ebde2af1d537233f185bf79e24f86	sha256:a026a05447bb7bd3c0f6c1914fa12ab988cc6c7113abf71d94b26d6296ddfdbb	2	166	45	2	516	41730
record-constructor	sha256:c55f703b431fe2d04ed603fd050371d33a26384ae023cb77ac45f5aae40b05cb	sha256:4ac6c030172801cfdaba41725f2cc86c20ea78e82f90423fce52700171c1ba84	2	164	45	1	475	38564
lookup-identity	sha256:4c51e97b4aaec67e89030326890335ed34e7c02db1e62af2f05817054b21bbeb	sha256:54104ff6d14c4a70c45cf0cc63d520288c4161805868a792aa313d83210ceb94	2	266	53	5	763	61108
lookup-identity	sha256:d8c67e5f0b29477a203a607b0bccdae4d1ba4a9ce1ccb625f496dd27be365a09	sha256:d981c0021b698545cbe7afc3e7e5c92a77dd304fda448753bf03601c0a4017ef	2	266	53	5	766	61348
lookup-identity	sha256:e8d1a2b323cf13e2728efe4ad596c3870a18950996ada6f2d792b80e623fb8da	sha256:187a46df2cc7e5c821e626db7bf27bf960c9dd31bfb5d2e29dcbd26ca25d9f4c	2	268	53	6	807	64514
lookup-missing	sha256:21beac55d34323d51ee98885cc30e943a2946f17ac09bb547351cd2e9141391f	sha256:cf71f8e2058f19c6fbbdd23945f28438acb577dfcf02a986a9e92823cc65567e	2	271	57	5	811	64969
lookup-missing	sha256:841abb0f4930e64506d91eb46f0d0efc0b8e877f6bbae78e3d79097b69cd2733	sha256:5511fd14095d3d88ad280e288f976450c1e42d976b4a4280cde158cb4688703e	2	271	57	5	811	64969
lookup-missing	sha256:ab634b379f397876f900d5b0858b2852596ef93ece4a46abcb59fc754e0949d1	sha256:06fd60c64aa5c6ab3740c133055d64dc42b80810d498511e8c45228be03267c8	2	271	57	5	814	65209
lookup-missing	sha256:ad88191ce1d12f138d26f64bdc829ca190348e40100dc85e5f7b6306104783b7	sha256:d8566ee6cd5e13df1b7253047b1205e7a75e6a0659986683e13b469b80cff518	2	273	57	6	855	68380
lookup-missing	sha256:b58c15dc3ed55ddd2bbb70ea75f4549fab0ed8fbf5b066f0d92c36b088e96e69	sha256:5b43dee78da83630342e7a0ff9e177c420d1d11c23ed36fab398bddb69f488b0	2	273	57	6	841	67384
nested-forall	sha256:120e16c0199882250feb2a33426d90a3c54e4441c648a87e1c4574f919507693	sha256:f78ebed6418b9ac023f64307520ef20e90e478acb6215a9d704e93dd8b721f93	2	142	55	1	543	43872
nested-forall	sha256:208b400c510856c60b8e16e3bf48352798959c1313c132fcbf89b60efbedca2a	sha256:964f1649f5d10c4980244f6408457913122622dd38e225ebb3930aede9c5748f	2	144	55	2	587	47278
nested-forall	sha256:eb3ebf4c58425c6c086bf34d037629244cde3b797b7bca88e41b2a7afee05a45	sha256:ca5de76b451ce159110e984f42cd80451a5cebd8a22b2b5789e431756497a4cc	2	142	55	1	546	44112
big-integer-overflow	sha256:2f06de5852c4dc4f8c849f74ed87ab2b2938237a3153373147590208195f60d5	sha256:ad3e3bc025cb485d1484183f6dbe5e09d554a1b7753adfea1df7896b40563e73	2	741	37	1	455	37339
big-integer-overflow	sha256:54ddc6b122d7eca2c3b4b8fdfc30dd141218a91115a4c7d8298bf13729e7209b	sha256:50d350c75eb3d41387686f4a8cecd77a89dbc60898bf8735cafab212f9e23444	2	743	37	2	492	40194
big-integer-overflow	sha256:f2e1a1c1cc144e15d9dda1c4e3a303eb65ee58790f7625214bead88b9cbcdf8b	sha256:dc0ccfebe9ac221aca9e56a33c454c8c99fc30b6a68e225bf9422373344de3fe	2	741	37	1	448	36788
big-integer-overflow	sha256:f9a77ab04559d7dccac4139a3f3853fa3d0f5196371d7c15d86898097e41556e	sha256:4f7973eb078256e85b3aa84a2dd498c067722e3e5ec699e63bdd91dffae507b1	2	741	37	1	451	37028
minimal	sha256:77777e4bd3b5a39ba475fd2fd613f52dac2680b7ef4b3ae4305cd90eb5bb331f	sha256:dfeaa29dd38502586061dce94a697842fa95c4e4f16b1d9eafa1a0583f98181e	0	6	1	0	15	1350
ax-b01-correct	sha256:1dcc3305a589ba2161b387d07e4425a6e1a7034c69243f1746e1222c96bd16e1	sha256:a501ebc75f1ffa4d32694c326b719f74bf2a82970835fd9dbbf50e639ca41169	100	49853	4002	24950	524694	42577698
ax-b01-correct	sha256:34666d2deebb7e41afbddac07401ca9a5fdbdaca16e90269bec3e161f607a782	sha256:60c869d06b40a55e8af1ab5a630f687b7253bab705ff23e885b371ddbc9075be	100	49853	4002	24950	525393	42634592
ax-b01-correct	sha256:4b054af797c1b1120822d43785d28047b9983cbde862d3cbcea13580ac7ffaba	sha256:7b3d5d45583ecba21f448deb19703feef4c84b37f29e1804460c0af77716bb0a	100	49853	4002	24950	525396	42634963
ax-b01-correct	sha256:8a608c25a3ced58efe17ffb31da0530567f983433216e35d36e2d59018b89139	sha256:30060713e03a697185ab7d8a3cffd943600cfc50423c9a820c12c33b10966265	100	59753	4002	29900	618855	50414431
ax-b01-correct	sha256:a00fdcf35d10acef443b7eb69e523c18c58a01eabd51276149a76836b4e73c43	sha256:95edabed8d725c13eaa993774dd00770a0966b582fe03d379e5285ee335f1800	100	59753	4002	29900	618955	50421735
ax-b01-correct	sha256:b0f12d6e03c05cac501416db5ca46057516deac9424b67e0fc6daebdee7a37b2	sha256:030b0ad90e5a670a7ec09ec39a4a694da52491678dd528efc485de6988127b1c	100	49853	4002	24950	524694	42577698
ax-b01-correct	sha256:b4ad73cf180f6a36803686d8b04f1449131f8650314d0d8fb23f0362cb94c759	sha256:73c43feb5b98d2c00a8cf9ebaf5394f379747abeca9cb34a6cebd0a1a3950ced	100	49853	4002	24950	524697	42577947
ax-b01-wrong-add	sha256:185132f9c947ff0d3853c24e969713337df0282232e16eb30200492726e7a7ac	sha256:33f905ace828005c220b93e04a018291eeb6439215bdf7136da3ad501cc4630a	100	49853	4002	24950	524694	42577698
ax-b01-wrong-add	sha256:3836f159cfe90778c107c0d885f8178d2f09eb73fdb3d745adcff46bede852fb	sha256:b958fc7cc67f9e1b18cc8d81f0dfc09a616e01e9fbadbdd5b1be271dba3fdd71	100	59753	4002	29900	618855	50414431
ax-b01-wrong-add	sha256:476a70897cc31f830393c06e9c6eabb9e94e892bd3aca3b3b8b5421576a9a6ca	sha256:9ca5b09b79e760266058c77895fd7f24823bdce10b27aafe02b9f45cf2911273	100	49853	4002	24950	524694	42577698
ax-b01-wrong-add	sha256:4916b2ef17b43cab21bff8ae87433922c60fbf86fb72fc52972e06964584476e	sha256:ae08f54d1e1f0e1e85afa0401681421e14801107346332b06aa7411e38400620	100	49853	4002	24950	524697	42577947
ax-b01-wrong-add	sha256:64c36594d0f0a544cfefa101ed54db08818fcfcc658b72547fe8a1103186e4ef	sha256:ba0d50eabb5f9e9f45a7a23e622437dce3eea2092fa8359cd320f2ef716bf7bd	100	49853	4002	24950	525396	42634963
ax-b01-wrong-add	sha256:ec715795bc52da1da50bd505a3e0df83e0ab5c97a473d4e7447dd56f67bd38e7	sha256:e895756da8f4ffd3394b087a50503ed4cb8dc3acab606f8559fcad7910a68626	100	49853	4002	24950	525393	42634592
ax-b01-wrong-add	sha256:f40e7e62ff1e8a91a36644cc85c2c1b7bd991d26959b18de3106986fbf0b25bc	sha256:ea1df80ee6641bc39b3c33442b9bcebd1d58c337906b7ede77f6752ec97e33e7	100	59753	4002	29900	618955	50421735
ax-b01-wrong-drop-zero	sha256:2cde7cc5adf7eb3e1807479ac232a449103f9f2e6e2e4df69b4f1eba6c1f4c50	sha256:1486a9378198f036ca0eb72a4f0ebc262a80b1e5c4ca150ed698f1d03c7a8fbb	100	50453	4702	24950	527296	42792417
ax-b01-wrong-drop-zero	sha256:45a2792543bcdc7c78a5d43dfc9dd54135bb7c264b2979d2aec1da21eb3b592a	sha256:b55741c498646165386924d905ac07d6f1e167fed82f38231f241b84a7bff1e3	100	50453	4702	24950	526597	42735403
ax-b01-wrong-drop-zero	sha256:61e7b6a1c568583e92b5e9b5881ab4c47abcf991fb12f149e7f901a481aee1c6	sha256:7b692a5aef2333c4436fab08d82551cd9cc9557a6b20935cf4e8e01756d43d5b	100	50453	4702	24950	526594	42735154
ax-b01-wrong-drop-zero	sha256:6b3fe1f5acc38a0c94fa84316320cb8cb00527b14a7620849a635830345102e3	sha256:722ad4486f1cc488cacda5b9f1803e2f6ed9c056c4c24b3c82c2410f1c3d26e3	100	60353	4702	29900	620855	50579189
ax-b01-wrong-drop-zero	sha256:8880f34c196a163dc5d4ade14191a11dd5101747b03154dbaa82e121459d4e0d	sha256:13a17e797f51e1a77d7700a715ecff7fa6e9d0d4c5f31770e8ae2c711b4b0035	100	60353	4702	29900	620755	50571885
ax-b01-wrong-drop-zero	sha256:a2b12cdc6776736026ed9f959d818464d0258c3b8b12aebf14a72a1f44478a65	sha256:e27743b1c6a752caab4fc74a79330008e0f0950f66ff952f2bc830ff7d960ba3	100	50453	4702	24950	526594	42735154
ax-b01-wrong-drop-zero	sha256:cc4ad57947f66a2c58e98697e278e53aa645ccc541e49688552c7ba3accdec2e	sha256:d547a7b4bb168f65381db8de8e888a59da7f35df30e3bb713931e759f1e3b944	100	50453	4702	24950	527293	42792041
no-guarantee	sha256:0cebd3871bcc10ba10763ede32fd016bd81ac8a0d6ec53f44d7ccadc18d362c6	sha256:5fe999c047382ad4f8d25847ed3fa0fa71615d1bef6ce9d16955e7dac7f1a94e	2	130	32	2	455	36776
no-guarantee	sha256:42a1c73c56d218134f5fe260d4a670bc33bedadc76afeeb62cc7c944eee323ab	sha256:ee713e5e082b19aa9bf303ae89adbe1ffa60b63bdd94e8798675c52fe03c493c	2	128	32	1	411	33370
false-guarantee	sha256:38620d065a681d80058fe36e08e7ee8e0addbf9e0c0e1d9a3c389433feab87a3	sha256:720b3487f2b50c486197caf059afb5fe0a5085cec0ec65cb7f3f5dd811db1211	2	132	33	2	458	37012
false-guarantee	sha256:c46b1608195a01f65e6323e2503c41121f913d3c4cb2a0fb3f8efabea6cc39ce	sha256:411f967a86301c269db9e27c0caccd77b4644a941cb860d1bda585b2c1b590a0	2	130	33	1	414	33606
false-guarantee	sha256:ec1bc87a0b7024606fcb2e8846f9a34f5819a0df528ee8e4b9631c1440229359	sha256:e94b1e09a700891fc2d7b94037cb8bf5168f73757d686ae6215e378e46197e2e	2	130	33	1	417	33846
node-strict-and	sha256:19cc1e00485dc6272db848164dfb80c04ce37f18aeae3af66f51fc73ea369563	sha256:ead9435628b2aefc89805beeb1c7932a6ce5412624675019e1c7a2115ecf9a90	2	181	47	1	552	44796
node-strict-and	sha256:34943f37cd8c3d128b081b5fb3a86152b717ff9a3c47c430c5488e18efa7df99	sha256:49d641491279f18623b70e01eb3f4f964115dcc1ec654873ac70f56a7227bd66	2	183	47	2	582	47211
node-strict-and	sha256:5e7984ec24107c90aa250662f450506be204bf75dce27975bc73cace557f2c7c	sha256:433111ccd1f720a0d9bd65cc5f44ce104e2ce831be1b1212177bb9489703c608	2	181	47	1	555	45036
node-strict-and	sha256:7aa0634a6d06b3ff9017240e288c2241a6fe839f21a039dbdbdeed7814957a53	sha256:134ea09ca2d51a1e6e7e1aa7b2960494cb132414f3424b5acdfdc2cb1f0761c1	2	181	47	1	552	44796
node-strict-and	sha256:9f06f9bd277b08e2d4a4163af420d4fc68fdba9dc69bb2ec4dd5fbfed622708e	sha256:31eb3460a7708cdfc882897b19bb7fcb98a1307738af3934549852112ab838bd	2	183	47	2	596	48207
node-strict-and	sha256:faaf25226f4f6ffd5cd78d94c66df338a9426c4d09451f9687b2602f4a0969f6	sha256:dc8955734a43329a6ed69f81207e0542acc47e18571e59d27ce7b1b6a33430c2	2	181	47	1	565	45826
node-strict-or	sha256:3a09420b5d6ade8f51a66f6f162eb0c9bb312ba43f3b93c631a94e445833c3c0	sha256:4388a24789c7b388a8a2a1fe2ed28a8e167a5f79fc38a8a5741dd3e110556809	2	181	47	1	565	45824
node-strict-or	sha256:3dfb75612c2021af867826bb54839e0e4e198d43e7a1e1b97039e4ef64e6258d	sha256:ffb87903c10bcfc6bd3c1fb2f78a8109af57926773e9b65964393e1b5f7ab7fa	2	183	47	2	582	47209
node-strict-or	sha256:8652e09bbdd72c283c8345aff89906a54fcf318dc1c526e474bb7facc5290277	sha256:69c702d7bd0c7a0049cec295ac72cfbfd0c5bd1be5f8cec9f58bbff381226a24	2	181	47	1	555	45034
node-strict-or	sha256:9cbab725caf79fd71d7cd3bbcc8a0c634f418857a3f0ca0d46d14f0bc35c162b	sha256:8c526c1ec0117c62e330dcc4e4a5968a99582adbda0d007343406b40fa1b8193	2	181	47	1	552	44794
node-strict-or	sha256:b1e2d9723eacb54f7f883b2920698de37d9f4226f57cef6f79ab2199f1c41449	sha256:bc22b922e17bafa80eb44cbb3cc58226f6226de7212c547faf9680bfb7501d55	2	181	47	1	552	44794
node-strict-or	sha256:ead5c550deeaea21ace5ef49ae518c8b17bc231afcb8fa3f5185d0a137869704	sha256:6dd9e3967bdb477abca5cbac738feacfbc9144338f0da87bbc04bf3f49f95873	2	183	47	2	596	48205
node-match-option	sha256:3f4a98aeb4dc8eb8ee292d5283647a20a28348e5561eec3eb260e813d964ff53	sha256:8a8c3a4f7d58b9357a32d61051f6de9a9efc9805b7a25523d97d79622e50113f	2	166	43	1	525	42532
node-match-option	sha256:7a128cad139279cf27ba1d02a45e828cc627e1344516821081c8381ae1016c46	sha256:67f261c5b082e955c6beebed2207521e0face4ad2767767fc11f8806cd2fc16a	2	166	43	1	512	41502
node-match-option	sha256:a02cabce0a27a080c40eed2bc88c572a3d5f1dea07de09bb70e231c118583df9	sha256:2fb08e8284d96614422918bbdc244eeebf8a03267b1dc9db059144879fa13ca3	2	168	43	2	556	44908
node-match-option	sha256:fb2cd2340faf10d19514daf5342b49f0bf90b1c3183df8170365832f1c3a3f7b	sha256:cd9d10a7c430b5a12d0a350ea8df716b0d9914b1b459f0ce3c6c39411cf7fde3	2	166	43	1	515	41742
downstream-fault	sha256:29b11eabf4ff600aca0f72021604e5a80ef58aa52e72080360a98a4cf973d451	sha256:dcee5450fdc8f5fc95538845f87f4c5eef30998ed9e7de47ea9d381ad7c9dfa7	2	167	37	1	516	41890
downstream-fault	sha256:58dd53b875bed92e94d0a7cec1c65425dfdbf11beba988c52af6323d7f764a9e	sha256:70a875e031b387825242384c86ac789c6f9a31d3c13af2b38f50cf26d398671f	2	167	37	1	519	42130
downstream-fault	sha256:61961da01595098e23e7349a22ac74d4453c6cd1721488ad0b8dbd093f1919f3	sha256:c141433a35eeb3463f0eb26794da7cc87d4e6050eb28693dbc605dbe3b48222f	2	167	37	1	529	42920
downstream-fault	sha256:8d9163bb81ddda43870d196b3f615212f8791fb70df3142fb8231bf17636aa46	sha256:21bcc877baf52e96e30fae4726cbf28b73a806b37de1a60b29597022bd1419f2	2	167	37	1	516	41890
downstream-fault	sha256:bbae8874bd8676b53c8aa3d7bd405e9b221659be063a062c7b7c4049a5dc14a2	sha256:3060b2881c07a002b2c2ed51c262c8c47223499b57dcd6f2c00d5fee46e3c529	2	169	37	2	546	44305
downstream-fault	sha256:db1d52cc8ef0eb6c2cedd8b3f358644260dfd40c911660eafe93ea1a19f8be2d	sha256:da427751dbbe651ade596cd30597dbb62e99cf5875b37176ec6fe76618ff927f	2	169	37	2	560	45301
capacity-unrestricted	sha256:0f5de28e3d0ddb2d85834b6628031b132ab8ca29c6c4b821437e9897401d2c7f	sha256:bbac57be8e6d5b0ec38aa7bc9b276bb5285b3df5909789913c0e2471e59dca56	2	141	35	2	492	39875
capacity-unrestricted	sha256:26edff413efdbee540a28db6efbae97158b8a5721e13fdf8151de5b03ebd6bd5	sha256:9e88b8ff3daf166e20b8b59db09b3526c30b74658bb499eb9d0c28c3cd166ace	2	139	35	1	462	37460
capacity-unrestricted	sha256:418016500aa72f5f119fa5c08fe94ba43758ddc3f6fb8365fa05ee3ddf64b285	sha256:83e616c944cb783b3d5b10e9db45df66755f705e7a7cef40a7c1872e07d20437	2	139	35	1	465	37700
capacity-unrestricted	sha256:477605c90352d7801a3e923bc9258e5fe8dde0963711321b12a7601904a6e7d9	sha256:ecd5193cabddf18a4bd17c7cfb93d58d014500996f6768f8df869a6ebe7a937e	2	141	35	2	506	40871
capacity-unrestricted	sha256:74a2daa3e862b9c0606176bf2f57d4a589c50f78e1cf743167dcb8f5ccdebae4	sha256:244b1a8ccabcb23e918ee716ce0976c026393d085eae319779de0f6ec7070286	2	139	35	1	462	37460
renamed-key	sha256:8c5b3364192b96255c7e9b6eb99cc7acbc87985c6a6b1b0d06ca22d30575aedd	sha256:2f87bf1f02fa8a9a00f44f514dda0a1ee034e03a4951e0dd6f6372f50d5c634e	2	159	33	2	458	37012
renamed-key	sha256:9d9f03143e5ad4ad4c4e077ca8c1ce1d9fe54286cbb70a3a78c4d2c3635794b6	sha256:3d03e190628d60b787d17a36560552fb4138c3fcfe65f9683cd1ef4c564ad90c	2	157	33	1	414	33606
renamed-key	sha256:fb872f90a870f0d7e964a3c4c806e29ed9a331ba3e3170a1945724860816f385	sha256:5877b627bc232b2277e27693cbd62c8731770aa807c0d3e853cc8825e27eead1	2	157	33	1	417	33846
renamed-interface	sha256:285464b785011467dee959903c01f1fb79a0256d7201b7479a0b4d761946f7ea	sha256:8d2b225f0428161a95bd352cd2bf8b217cd4c544dfb83cc03bb82c7bd1d6fb38	2	152	37	1	469	38088
renamed-interface	sha256:3d7b1c0f98875de471fe9a26b838bb4087fd574f65bb01c55341b87c1e9f6bcf	sha256:9b02a2d72db6c3ab9e6a4585e9cb4af22847792ca4a98ab667d9ec11614d5c08	2	152	37	1	479	38878
renamed-interface	sha256:4574a5ca9b3d84638ed5c8bba5b9a42d9e84744300aa97dc846c82aab7a5d54c	sha256:2ddc7d99edf05530a8a9cdba732b085a267179ca68b6b81de1362ce1d76103f7	2	154	37	2	510	41254
renamed-interface	sha256:4dd55e4cd0e691a9dda620f8a65a6fcd464ba3a24ee9202c7604664ca9d5bcab	sha256:a941f89a5124523525b2dc0ce688a555fc47ec4af2180be57e753de9546252a2	2	152	37	1	466	37848
node-record-sibling	sha256:463712540528a1e62fe570cf5979cae6b41f0eebdc203d838a8cc9193d520302	sha256:8003e1640dac77a3ccca286ee2614487911932aa974b1549fc4688c5e6a469e8	2	188	47	2	544	44054
node-record-sibling	sha256:66aa408d312ca316865833d762bbe7e197acfcb23d49fe86dfbd642fb8e73a0f	sha256:e41211bdf748c26442817d28a027280d218e11d11ed7eef72850174435ba3086	2	186	47	1	503	40888
node-record-sibling	sha256:921759743289dd944501005640ca9efa0da613f2274711b1416281ef295356c9	sha256:941cec9f9a79f7a8896f2a40606a68c9511167df663e1b7866e9263938912ff4	2	186	47	1	513	41678
node-record-sibling	sha256:c397ef8b10cc6f0063b841900420428cdc76977936866dc47c5a2a50bc745bf1	sha256:b520e25acb0f49f1eea2ddd747ceb0b5281952e3544fcf44ebfd90bb14a4ac00	2	186	47	1	500	40648
capacity-zero	sha256:3b91d877d6bd11831b2148760a9026048a776a8918d194e77518ad4dfc2c88c0	sha256:4c6959b530f1cd152ba9c137a777cf5761d318f1eb7cd115923d9c1c39cc50b0	2	141	35	2	492	39875
capacity-zero	sha256:6240452d3f8aa6139c4b07b0a38debc890fed5638034a050339010c55dd51b45	sha256:dae9cba438513e95402d6b1786ccb18cb0fc92908b2a50900b79602c27d3af43	2	139	35	1	465	37700
capacity-zero	sha256:d4b4d8e745168da680afe9195108a23ee7a9e3f7f53f425f382b653d54203bb5	sha256:cb1c5f2ec9b27fd75c9cfbe9b3679d7a43d3f5d70b0c2029ad4f4b6a92a026ea	2	141	35	2	506	40871
capacity-zero	sha256:e4ab74cf1ae234dbf06ef9fbb6e1730ba09897cceb7432d98a36139c78ab92ef	sha256:070f6509a090e9ddd0fd8abc2ed0f07c3be7952690ba757d8ed1c75c791298eb	2	139	35	1	462	37460
capacity-zero	sha256:eda0473c42f4c1bae7c006d4613cca340a13bdf9bc7135724608ef6c13d47ca6	sha256:145c34e9927e6fc09d476fb7c5995a84a92a6cf21f0546eca180d6654c5bab1b	2	139	35	1	462	37460
capacity-sparse	sha256:3164f51a920b98d01a889086a1cfa0a20220287b54653f826543fdf3c09b872e	sha256:fd2c1d8ecd5f490465da5f66a526d60a8c1b6db69be9fdb62ee8b5942f51e055	2	137	37	2	506	40872
capacity-sparse	sha256:5109578e82f51de85fd873d29dbde9a4de16a42d514830df4bfa533e99a54f8e	sha256:3f37065fff2ae272c96e6595933ba74a94fc381d5ad9e66312e25fc8b8a89a56	2	135	37	1	462	37461
capacity-sparse	sha256:5368c9dfee910d0adcec2b840481034dc90769fd2827c40c1a2999c29665fa15	sha256:484b60862a4878ce7e6914cfe536cd0ac8a74d13157d9c1277a29d9c1f7f2c61	2	135	37	1	462	37461
capacity-sparse	sha256:85f1e12e3d67cb57b1f096270d5a4f44ae7109da42767f069a20af660646328b	sha256:5c57a20cb6ffc348faee05a3b2d57da645941254a849363d2e9629fdcc789157	2	137	37	2	492	39876
capacity-sparse	sha256:fb61e8701148c58876d14a3698df8981dfc1cab88c2826e3a0919f73485c64ce	sha256:6c28f7e7e7a28be7268ddce298d314a35aeb22e8a59c429147369c5422475d5f	2	135	37	1	465	37701
predicate-fault-capacity	sha256:08a38472bb8839e15a0a4349148e0a7022ec96165ef02a8b31e7571720524dfa	sha256:93bb4b01e6ace06f31708f1d418c76bbc46286b39001d4e87c4c0e78ff8000da	2	183	47	2	596	48205
predicate-fault-capacity	sha256:178a700b1a93d1eb9de7fd22ec06ac88daf1c093915ea669b60bc9787092d875	sha256:e61e8a461f15941ac543237a0ceb5caddde135c85fc9a738ba66d203da6dee96	2	183	47	2	582	47209
predicate-fault-capacity	sha256:2b68a67073a7ee9f622fe2d12e17b762bf865cfe68adca359d553860a296c10c	sha256:e23214f81f2a34979f6683021a2185daedf4f12466919fd89bd683a1db6efb3a	2	181	47	1	552	44794
predicate-fault-capacity	sha256:4c5dee7a226c50beb1ebe541fbf9f197d23e9d1a5c17792a182bbb66da86f13e	sha256:7181d5704eddd0f92b48a595226f9ef82d30e3938f1a7eaca8e8923ebc81eb54	2	181	47	1	555	45034
predicate-fault-capacity	sha256:8d1142b6b30e57a3bc133503b47a9166bab0945f9e8496724620b310d5340eee	sha256:e050a5442fad1df55d13dbbe3a5471846a79bd475847bb98eaf47e3e52da04b9	2	181	47	1	565	45824
predicate-fault-capacity	sha256:edc22d3694a20e5b7b57e14f89a9dfddf09de81d5f29526c8847746cf9b46aad	sha256:aa7c804a2a4b219cfa29911790e0db4006f08d1da1446caf01812d408a43a311	2	181	47	1	552	44794
capacity-pre-false	sha256:4cfe59cef5a629eafdf64b1efdfadb4a0e280d4a7d7e8b53aa380c03611b13c2	sha256:297b843189987a11ca90e207f0dfe0a38fb473e49eef8ab246b81baa8b868ffb	2	143	36	2	495	40113
capacity-pre-false	sha256:538f138bfbab305e93e66abce6da9b457ced5f70b395a8bfdfa281b42973406c	sha256:e390c652472cfef6397b811fec2f94e91bf802e1c0315ef4a99cb25ba3329244	2	143	36	2	509	41109
capacity-pre-false	sha256:a70484c5de924fa6878a60d86cbcf99966e192c9ae54717bdc1f72b3dc78647f	sha256:e235ab2522164b9cda28d0b2500ce0b450daecf30cf078565d97f7a755741705	2	141	36	1	468	37938
capacity-pre-false	sha256:ea9746579c0be83af0b8b937c65b792942611677971c91300546701eed4f601c	sha256:777c436f8970d192893fe46c4882c0cf326244ccceba184157cebdc1b7e7b100	2	141	36	1	465	37698
capacity-pre-false	sha256:f799f02048aca0c996be5f5b1967e971d0b024c39cb7d3ab0712fc305ded7991	sha256:f87259f6d4ac8600777158f3ba91c2940c8aeae10f8c67809d3579091871a4d2	2	141	36	1	465	37698
capacity-pre-fault	sha256:252c025d7d304546d5e67cd47861118ba7199d38b9e8daedc6613613eac2acc3	sha256:0424f1b6c02e3aefd68e07bf8e8a3f34972b559a28b96d796ba4005d3a830016	2	160	40	2	534	43305
capacity-pre-fault	sha256:73c3bf8cdec740efe45ac5642e406c3f7eb2ad232accdeaa69828bea35038b33	sha256:144048e4b324be0c8bf8f861f09650d40720a98bcffbcc69cb49a71a3e754453	2	158	40	1	504	40890
capacity-pre-fault	sha256:74376d40dbdd285eb2858767d4e422d02acc68280d9c0bfcc563228a3a7d401d	sha256:e55fe81862ec104492474c89e4d1d50b7dfe9c312d30cbc75b4e95b9bd7e2009	2	158	40	1	508	41199
capacity-pre-fault	sha256:b8876abf35096b265c7eb70b490d90fc68aff5bec52bd8f6d9b81117af5d5a62	sha256:389c0a8ce96a4000bf8ebeba1658476db3a09c89343f4d7ffeedf56034810bdf	2	158	40	1	504	40890
capacity-pre-fault	sha256:e0c5d7c24a1971017b6fd4777794a4f4300d336b539092ce9287caa4fa912044	sha256:72999b617a899c29a7206f5aac280ae7d9db03da7425a008205ee303214cba6f	2	160	40	2	548	44301
capacity-pre-fault	sha256:f395d1722316b8a6ec438328e6a5a938f059e9738dfd9f37a153ecffd444cfdb	sha256:1a69ccdb7604e80df4b2aec83c68f43b6737d3fde7002817d691d8542d5973fd	2	158	40	1	507	41130
capacity-unrelated-fault	sha256:36dd58771293eac41866744c93e822ba52d6b1e5c6894d077650552bbb7b29f6	sha256:89823bc1c5bda1383ad5f3af54224d1ffffa783345b40566c85677a65cd3a3df	2	194	69	1	642	51889
capacity-unrelated-fault	sha256:4a902b3cb8a9ad2ac4fede1e388e446389737fb7b8e077c4ad219a3ccf70e572	sha256:9af6a0f4ad474e4d6fa4b7d29bbb5ecbdcb7037398375c47d0665f73381106bb	2	196	69	2	686	55295
capacity-unrelated-fault	sha256:5e9903feaae2600f47ebc6bcf101c604cba9ee8a402cf1966b891301483be75e	sha256:ee760ba556fb87fd3e2c24677a043939721bc2e0bdbb063776d7f688c83621ac	2	196	69	2	672	54304
capacity-unrelated-fault	sha256:6816af0bb0059693a410e00d2c537d42b621e7b74e762bbfa1d27dee12584f5a	sha256:d20080f80e26b87c17bb3b3204fbfe1b75ce88b97185c5771faeb1adb633411e	2	194	69	1	642	51889
capacity-unrelated-fault	sha256:976852800d50897b4ec79bfdbc997b90f3f079535d1bd35b1a3410c9f052aa4b	sha256:9ffaba9880a6794e62af5ba29053b3754410cf622341103ec794697a0b445767	2	196	69	2	686	55300
capacity-unrelated-fault	sha256:a4ab86a65093617fe8b8088c2a28ca8e6494c5f824f90c4acda98b57369d6864	sha256:7fcedd4dc7b7266ea1cfa48332f8a0c0d8d9fb60120809c4a8d86a223290b23d	2	194	69	1	645	52129
capacity-unrelated-fault	sha256:c586b4c3216a8622e57df4e79b16cef5bc9de3348965c230a2aef8b3275086f1	sha256:0eea78821842523cb5fc6f5b130498d1184e03b905f1a76efe1c83a9859d9b3d	2	194	69	1	655	52919
capacity-unrelated-fault	sha256:fba0c5207b13c6d6af8a7cefa2853fa31adc8266bc699ef59ce4d0bef3bbe11b	sha256:b287b9df1e94d111ad563a2be86455b44a537c57514c3fa7b51916baeb24d970	2	194	69	1	642	51889
composite-unicode	sha256:16fde00055cef9db9b9bbf5fa29f5f56b4428f861debe12cbc7ba27b245e1069	sha256:72aa03fdcd0e95be2c033aa123b08aa3fcce31fff208d140a94ef898e7ebd791	2	142	35	4	514	41639
composite-unicode	sha256:1d6537ebfafd8b27dad8a6ae7e23d98268b45752f9c856502d261883a55ad33a	sha256:9d48a95edb1a742c5d5b1d7722d881f7e1c5fc51d6e845a43f407b241d20680e	2	139	35	2	473	38342
composite-unicode	sha256:62d5ac88462d46d27f08a9eb3b1cdee22a20e32e97b918e378b4c5d544924d7e	sha256:bb0f9b34fb4c2355446d73e28bc3ffefcfcc371958e4cad9b2c29a8c620497a0	2	139	35	2	476	38582
composite-unicode	sha256:84e4bca0b25c15766f92e5c4415ea2f2f6207f40697126656f8b5fb4ac4eed21	sha256:887f1718b0ef0a2a3949707071c989ad58429dfdce9af0e54e3eb3684db4a46f	2	139	35	2	473	38342
composite-unicode	sha256:969cca0a99c9f3eedc0fc5354aa45348e1a989d83d7ec2ce0f9eb07d236e4371	sha256:f7158b57c7fe3a9ca1fbbd5691d6e665359994e0c149118c08ddb351e09af419	2	142	35	4	528	42635
