ax-b01-correct	crates/axiom-ir/tests/fixtures/v0.2/migrated/ax-b01-correct.jcs	sha256:9a62d3b9397f2db664786d64ad77b848a53c46e62186edc29d2c31f665db9f2a	contracts/core-empty-effects-v0.1/records/ax-b01-correct.jcs	sha256:21d5fc31759bfaea4ad44c9144d281922beb82d3f510b904f9def4403f9bdcc1	54	60	1699	10838
ax-b01-wrong-add	crates/axiom-ir/tests/fixtures/v0.2/migrated/ax-b01-wrong-add.jcs	sha256:10e99922b4fe1c1490703b6e61dcc13e810b6dbfd5ffa1a444314a7d201fc970	contracts/core-empty-effects-v0.1/records/ax-b01-wrong-add.jcs	sha256:c7820618b3cfad87f57e69ad55f754c9388d0e71502831155b11858276e11ecb	54	60	1721	10860
ax-b01-wrong-drop-zero	crates/axiom-ir/tests/fixtures/v0.2/migrated/ax-b01-wrong-drop-zero.jcs	sha256:445cb216e2b5d2a7dc4f4ddf630da757b725312f2a25fef5bb5d947f0eb6ca30	contracts/core-empty-effects-v0.1/records/ax-b01-wrong-drop-zero.jcs	sha256:bc08896270834b4bec91867e6f19491283baf54b98cf932d2a8997ca06bd6869	61	67	2008	12207
ax-b02-correct	crates/axiom-ir/tests/fixtures/v0.2/migrated/ax-b02-correct.jcs	sha256:bcd84b4f18419055f06a639540ceaaeb26095e17169747cc13c7730289d0ab28	contracts/core-empty-effects-v0.1/records/ax-b02-correct.jcs	sha256:37815e2e22c2a8738b8db714c9e32b7a44e3af071c273dfed9b53cc48e2f5336	41	48	1165	8317
ax-b02-wrong-constant-tier	crates/axiom-ir/tests/fixtures/v0.2/migrated/ax-b02-wrong-constant-tier.jcs	sha256:a5db5a3aab850a4a760aee4b8b504af2e93b96f92d32cb72d05b92ac28428cef	contracts/core-empty-effects-v0.1/records/ax-b02-wrong-constant-tier.jcs	sha256:ad9089f213ab63b63f0302c70b06f0e5608d17b845c36aee19287202cb5dcbd3	40	47	1129	8136
ax-b02-wrong-region-join	crates/axiom-ir/tests/fixtures/v0.2/migrated/ax-b02-wrong-region-join.jcs	sha256:b9330e8d9000c11dc5c4a02397b08d13fc640636487aeb219b3ca6c5deee05bb	contracts/core-empty-effects-v0.1/records/ax-b02-wrong-region-join.jcs	sha256:ba23ddd56de1c9e4d6634fa8e8ccdbf0e63b964e8612252b3ff049f610206d80	41	48	1165	8317
ax-b03-correct	crates/axiom-ir/tests/fixtures/v0.2/migrated/ax-b03-correct.jcs	sha256:dd7c95e3b1ba9126366ff2828ad9c40dfd37b16e784a03ac14574a93ef71189a	contracts/core-empty-effects-v0.1/records/ax-b03-correct.jcs	sha256:2226ad2831fe86a8fce9f136f316c251c8d93a931de992297bb96f6e8f7b23c4	40	45	1678	8619
ax-b03-wrong-single-group	crates/axiom-ir/tests/fixtures/v0.2/migrated/ax-b03-wrong-single-group.jcs	sha256:12f6a2b66e5e7bd260a2510de3aa367ff3746d9dc2bee192d4117c571a81083f	contracts/core-empty-effects-v0.1/records/ax-b03-wrong-single-group.jcs	sha256:b0dd1bce81a60fa756b2f7c8c86b01e4ef603a826d72acdac919c1585d0a9efd	46	52	1833	9700
ax-b03-wrong-unit-sum	crates/axiom-ir/tests/fixtures/v0.2/migrated/ax-b03-wrong-unit-sum.jcs	sha256:f466e41029f3b4d36db109a39b6a9398940d8dc3e52679848e4b2856f9071452	contracts/core-empty-effects-v0.1/records/ax-b03-wrong-unit-sum.jcs	sha256:5d77c4161433b0091b6a58369bf0e788d94ed12ada6bd7e2198ac996eccf9b33	46	52	1833	9699
ax-b04-correct	crates/axiom-ir/tests/fixtures/v0.2/migrated/ax-b04-correct.jcs	sha256:ed2d245a23c4a1fdc8b44bba16200c56b738a1f82a02066ed0e2566a9d67d5c1	contracts/core-empty-effects-v0.1/records/ax-b04-correct.jcs	sha256:55dd5dc1ee111cbbb8996d7d12bd3e0c53dd87ce2df886cb742e17f18e048845	37	42	1247	7696
ax-b04-wrong-sensitive-filter	crates/axiom-ir/tests/fixtures/v0.2/migrated/ax-b04-wrong-sensitive-filter.jcs	sha256:02d039ef31e8026a4c6e5059bb51546b86fa27bcdcdc6ff2a5de3da2b626ef5c	contracts/core-empty-effects-v0.1/records/ax-b04-wrong-sensitive-filter.jcs	sha256:6bb0a98b08a19b81a3bdc53813cb48b9903b9a92ec72f6ff3d193d7165d95d7c	42	48	1332	8555
ax-b04-wrong-sensitive-priority	crates/axiom-ir/tests/fixtures/v0.2/migrated/ax-b04-wrong-sensitive-priority.jcs	sha256:282604938afd465611ac1684db3490c2dfcaf137d418d48c7395eeec60c11cfb	contracts/core-empty-effects-v0.1/records/ax-b04-wrong-sensitive-priority.jcs	sha256:8353e1a9b23225812e2f413899de8f3ca60928b4e453afe2d327bc7f1c37fafd	42	47	1466	8696
node	crates/axiom-ir/tests/fixtures/v0.2/migrated/node.jcs	sha256:43e9463dd7aadbf2d2a8e1d96376788e3b981befcc7897fca9140b764c285894	contracts/core-empty-effects-v0.1/records/node.jcs	sha256:97fbdd1151489af8bfd3ef4be6a26c121ed9704bfcb6326d3a744aadaf329580	34	39	682	6552
contract	crates/axiom-ir/tests/fixtures/v0.2/migrated/contract.jcs	sha256:0a760f195e35bfa47e187494576d997b0f433bc6cabf3847e5459c05b07aeb2b	contracts/core-empty-effects-v0.1/records/contract.jcs	sha256:6d34627a47f4b286f360f59a602dd0aea77dd5ee9c3772585973f1f7ba0c5b09	110	137	2922	20946
type	crates/axiom-ir/tests/fixtures/v0.2/migrated/type.jcs	sha256:bd330ef96287c882a8ddd510666d72a3ba2941af38bbee16fa076b5a59b1f62d	contracts/core-empty-effects-v0.1/records/type.jcs	sha256:bfce8ef28cf3ee07ccc37874f0799db0f473648c1b9cffce061392cba37829eb	8	10	25	1781
deep-binders	crates/axiom-ir/tests/fixtures/v0.2/migrated/deep-binders.jcs	sha256:eee23b134d6c4b198b46da0250b9532d4016c736dc19b77a451930af8c61d6d3	contracts/core-empty-effects-v0.1/records/deep-binders.jcs	sha256:608a658ecbbf417e199989265817c353697dad3276d50612d57ac5002231baba	254	378	108621	150748
mixed-int-ranges	crates/axiom-ir/tests/fixtures/v0.2/migrated/mixed-int-ranges.jcs	sha256:4492a3ad8852f734bb7a190a02cce0e6f6b6c5dca2fa1d7a653afc7f0ac99b8e	contracts/core-empty-effects-v0.1/records/mixed-int-ranges.jcs	sha256:d9ba0ac9f159aeedcbb59fad45c6288a9c2bebb9069aaa0082aad523e73bc16c	46	48	1471	9233
unicode-nfc	crates/axiom-ir/tests/fixtures/v0.2/migrated/unicode-nfc.jcs	sha256:1bec7c53e8f89a60ebc0b46c7d7452792911237ad6e06c2dae812764e97bbc19	contracts/core-empty-effects-v0.1/records/unicode-nfc.jcs	sha256:db4f28a12a76217e62e78dd5d62c264e629ea73dae748c317eaa5050b590009f	8	10	25	1779
unicode-nfd	crates/axiom-ir/tests/fixtures/v0.2/migrated/unicode-nfd.jcs	sha256:4ec6dcc68b8202edc53fc328a103ea4539f47bced340155875111fc507330e85	contracts/core-empty-effects-v0.1/records/unicode-nfd.jcs	sha256:11ea9c0ed2eaa8a715e743a7dce20f6dcb65b1c00d5a08cb2ecf9f8fdd697809	8	10	25	1780
references	crates/axiom-ir/tests/fixtures/v0.2/migrated/references.jcs	sha256:9acc8353b42e2c993e09879fd203c679cabacf55aa1e13cbe8d14cb3165b34e6	contracts/core-empty-effects-v0.1/records/references.jcs	sha256:2a2fe930199b1e00975abe4069bd36eaadfaa86ee8178140742f5691a418653d	43	45	1100	8531
records	crates/axiom-ir/tests/fixtures/v0.2/records.jcs	sha256:f9dbe5ab48a0c34ec95776ee25b2f5b906a42b151b923bc200a38b8a14caa7ff	contracts/core-empty-effects-v0.1/records/records.jcs	sha256:b0d742b74a0c63ff26b3bd51754efa444766fb3d491f6e52ff04ff0e98ae88b8	42	44	2015	9178
all-numeric-positions	contracts/ir-derived-obligations-v0.2/inputs/all-numeric-positions.jcs	sha256:17548fdc8108cba783b281c6d6251e27a53bf048c66c4be44eda58d71c5b80eb	contracts/core-empty-effects-v0.1/records/all-numeric-positions.jcs	sha256:d31dc3c7818948eeb58591fff059fe62df78b2ae0b044b1293e764c99fdca319	53	57	1831	10756
changed-pre	contracts/ir-derived-obligations-v0.2/inputs/changed-pre.jcs	sha256:fc992e7e9d569c7be281beadc809b073d31ba3fde4cdee5485656e397cd66e75	contracts/core-empty-effects-v0.1/records/changed-pre.jcs	sha256:d2c849684b1d96cf78e1a9759ae95cfaa6aa21cbed47111725aa8fd9b7a0ad8c	55	59	1847	11097
empty-group-no-aggregates	contracts/ir-derived-obligations-v0.2/inputs/empty-group-no-aggregates.jcs	sha256:1888e9decfba63fd36bd2658ca4d1364c6355245832cb7ec706e21d75b120fa6	contracts/core-empty-effects-v0.1/records/empty-group-no-aggregates.jcs	sha256:35955005f2b5181544260aba0b14203396418e48c92f24fd82df1f4ed7d0c668	6	7	31	1603
same-node-two-outputs	contracts/ir-derived-obligations-v0.2/inputs/same-node-two-outputs.jcs	sha256:f17bf26b584f5313303cd6216a0de946a49255794e1ae0ea94e48b43f22659f5	contracts/core-empty-effects-v0.1/records/same-node-two-outputs.jcs	sha256:0644cb87c10764193fbe5e6157ae735d61f1ae9da044bfd11df7092ca825bcf4	7	9	33	1704
deep-numeric	contracts/ir-derived-obligations-v0.2/inputs/deep-numeric.jcs	sha256:c17203eb4afa24d9565eed53b08aee14da5bdea12fe039dcde4a0841aa512b6e	contracts/core-empty-effects-v0.1/records/deep-numeric.jcs	sha256:0e09d07dc853e87efae078f5d5be24b6cf3ebdb2147b0e67383b39c7b5ae5134	208	208	75076	109187
query-identity	contracts/map-filter-query-v0.1/inputs/identity.jcs	sha256:eb557968f37ca3e8269312a5ab78b9c988b3b23ab3a8097618d81802adbcf2d5	contracts/core-empty-effects-v0.1/records/query-identity.jcs	sha256:513c0b3636db8b9efa3d49f808fb630613ec1c4fc594a709d976416d5d57fa2b	28	30	676	5647
query-int-add	contracts/map-filter-query-v0.1/inputs/int-add.jcs	sha256:7df28cdabcb0c9e2e379743a9e572537c2e37f731c77bab1ef1ffafa146662d4	contracts/core-empty-effects-v0.1/records/query-int-add.jcs	sha256:c7e9c5a7ae49afb0a1a19c7cc067cabc0c2dfd84f64cec58dfbb14368f042997	25	26	632	5122
query-int-sub	contracts/map-filter-query-v0.1/inputs/int-sub.jcs	sha256:5bd38a571e975cc177bbb90916381774da95b533696a7cfd969887e46ac37ff1	contracts/core-empty-effects-v0.1/records/query-int-sub.jcs	sha256:911b8f9476a50811488842631ededcac20d1a4dda47503e9dd06a9786be6bb17	25	26	615	5105
query-fixed-add	contracts/map-filter-query-v0.1/inputs/fixed-add.jcs	sha256:1f99c51650769bcc4dafe6408bf71eac94c8633bd22d9fed1b1dc72dbeaab4d1	contracts/core-empty-effects-v0.1/records/query-fixed-add.jcs	sha256:8198e3228c0cb11ad95e610e7351aba948df585516ab9d4e85fefa9969b79c99	25	26	632	5126
query-fixed-sub	contracts/map-filter-query-v0.1/inputs/fixed-sub.jcs	sha256:580140832d05b3d491116404d95775a167db358b40eac12e085007f95f502307	contracts/core-empty-effects-v0.1/records/query-fixed-sub.jcs	sha256:b12e525775d148c9e1c4be2bb5df3c197e1527f169f2fb44fe02583b20d87547	25	26	615	5109
query-conditional-range	contracts/map-filter-query-v0.1/inputs/conditional-range.jcs	sha256:f47cddc7f3a2c876cb435a8324318411f836787f3fd0699e9125db43d5448c3a	contracts/core-empty-effects-v0.1/records/query-conditional-range.jcs	sha256:898567f6fa036b720e294ab9dddde8a4dfb41b774229b3080e0a76682aaf0212	32	33	941	6503
query-dead-range	contracts/map-filter-query-v0.1/inputs/dead-range.jcs	sha256:0da219f4b4bdaebaa988e2a953f7f8f2d4f479552d3573db2c4b3264acbe64df	contracts/core-empty-effects-v0.1/records/query-dead-range.jcs	sha256:ed9d6c6071ac24511a9b6aaf06ce90ede685fadb2687b088e801d81e8fc93aec	28	29	747	5705
query-filter-reach	contracts/map-filter-query-v0.1/inputs/filter-reach.jcs	sha256:79711dfbeb1dd5dbe051af824d137a41fb916596bbb6ba1b2039af9a73fb2f2d	contracts/core-empty-effects-v0.1/records/query-filter-reach.jcs	sha256:380693b382779f7e18a41e3cdd04414863822c461f277de4c20aab6ab92a74b7	27	29	620	5426
query-filter-capacity	contracts/map-filter-query-v0.1/inputs/filter-capacity.jcs	sha256:3843d3696759a7ddd26ce3f14e529e3b6cd0beba4ff68f0d5af64bde6df2b8d7	contracts/core-empty-effects-v0.1/records/query-filter-capacity.jcs	sha256:f830c0ce3bdd62c86f252bac0298c9a5ac09f510abd394acc03b39b8eeabf3f0	25	27	554	5048
query-strict-or	contracts/map-filter-query-v0.1/inputs/strict-or.jcs	sha256:ace786286a8858e018cf3ca8777fe5f6b9f5290d0e1b6b54e64b72ae740fba9d	contracts/core-empty-effects-v0.1/records/query-strict-or.jcs	sha256:8250c6817f278b2e8125f98a83ae9d738bc215e756ee10b6f92f5818bec5e104	29	30	756	5886
query-strict-and	contracts/map-filter-query-v0.1/inputs/strict-and.jcs	sha256:97d90c7b0103b08365dd7ca8030e94a91f2c4d31ea0e20f44f43e1224f39aa03	contracts/core-empty-effects-v0.1/records/query-strict-and.jcs	sha256:7f65713747f983e7dacf36d18f4083eecaaf8e001eefe6811c23ee55443e4bc1	29	30	756	5887
query-pre-false	contracts/map-filter-query-v0.1/inputs/pre-false.jcs	sha256:195af48ceb713f9c88970b265b89efe7f128ba3e5f9fd06f0014f09e6dec6da1	contracts/core-empty-effects-v0.1/records/query-pre-false.jcs	sha256:bd60f8ab15a3003301c9ca6bc9c6ac183da79bb13f19d4da81e4ab4b372e08e6	26	27	599	5268
query-pre-fault	contracts/map-filter-query-v0.1/inputs/pre-fault.jcs	sha256:c70fc8c2ff8cb375ce0989ef936e639a45662f82e252651e2449f0de267c7de6	contracts/core-empty-effects-v0.1/records/query-pre-fault.jcs	sha256:3776c3d31d5503082cecc2833781536871e2c6c0a8b8de9c9a7a88ccbf7905c9	30	31	710	6015
query-pre-dependent	contracts/map-filter-query-v0.1/inputs/pre-dependent.jcs	sha256:dd298a52535ed32f89080a02dd133e2d1095efd1be91569869b1d07c8ed4b788	contracts/core-empty-effects-v0.1/records/query-pre-dependent.jcs	sha256:83198241cc1260d005d3baf90804e9760423b2426cf28b9f6f4a7d790ccfc9c4	32	34	785	6392
query-child-fault	contracts/map-filter-query-v0.1/inputs/child-fault.jcs	sha256:7882c1bca5ba8ed147b670bc0ece19db3565cd9ca8c564a1db0b471a2df43db7	contracts/core-empty-effects-v0.1/records/query-child-fault.jcs	sha256:14ff0b303181fc457b5541a96cb8533fc179777273853d532167b0e54d47a63f	26	27	666	5323
query-independent-node-fault	contracts/map-filter-query-v0.1/inputs/independent-node-fault.jcs	sha256:ffa7f33e946f91b104badd88a9d4b4d2a8361bd8a88d6dee30a0dcecf9435903	contracts/core-empty-effects-v0.1/records/query-independent-node-fault.jcs	sha256:50b539c2c9b95dceaf6f2e2a55b703621d5b6feb4064ba4406af61ba14637d93	45	48	1216	8707
query-zero-capacity	contracts/map-filter-query-v0.1/inputs/zero-capacity.jcs	sha256:d4ce003ff388995753a8f4a4fe9e3179bcf3e6f24e8ae71ec421039e65316e03	contracts/core-empty-effects-v0.1/records/query-zero-capacity.jcs	sha256:337d96465ae3187722e6dcef188a94558b2c54653d51737ac0abbd3294ea7af0	26	28	626	5297
query-option-none-equality	contracts/map-filter-query-v0.1/inputs/option-none-equality.jcs	sha256:952d30b2387f19046f50deb3d49b93c3ece7727972c2f71ea3b227ef57878cf6	contracts/core-empty-effects-v0.1/records/query-option-none-equality.jcs	sha256:a8365f06186b2626ab3cff70470e9f5435d6836315bde7405337258def550675	28	30	676	5638
query-option-some-equality	contracts/map-filter-query-v0.1/inputs/option-some-equality.jcs	sha256:02d9fcaa257295554e6b801a5da03908ace7e120db4e24c203ac6ded97f604b9	contracts/core-empty-effects-v0.1/records/query-option-some-equality.jcs	sha256:7d65f5e4130fcc8af47df0c3fd2556eb650699e184554c98e4efc94937930988	29	31	713	5837
query-match-option	contracts/map-filter-query-v0.1/inputs/match-option.jcs	sha256:441f2a47b8dbc1f0e77867a343d805b6a537c341cfc9f20681589a799ea95164	contracts/core-empty-effects-v0.1/records/query-match-option.jcs	sha256:52393a9d021337188d9a4496d0912b67f982cb77cfdccf64a4ca2e0028604e7b	31	33	780	6233
query-nested-option	contracts/map-filter-query-v0.1/inputs/nested-option.jcs	sha256:ba89780f8f5f3530352a37cc0f881e3a663c0633defe86ad2bde6f0f66003ab2	contracts/core-empty-effects-v0.1/records/query-nested-option.jcs	sha256:01760053ebeaa0b27c5bca5df1f311ab2bd352e0f3be0988c0a2a9fe9f6b683f	26	27	612	5245
query-text-exact	contracts/map-filter-query-v0.1/inputs/text-exact.jcs	sha256:fc8d1d25d285524f3dcfe87aea68b72a86c3e364e123c7eda85f70defc8d3b22	contracts/core-empty-effects-v0.1/records/query-text-exact.jcs	sha256:8789f5faa4cd1060351673c9a2b2dbb2d848e8280347635b6f164554db013226	28	30	676	5646
query-unicode-literals	contracts/map-filter-query-v0.1/inputs/unicode-literals.jcs	sha256:4296e57e5b34f2e5463eb8438b314e60ddf89f75d600fe4795fb9f672ba4f0d0	contracts/core-empty-effects-v0.1/records/query-unicode-literals.jcs	sha256:b2db2831b6705e1a03f6eda25e6423c27692a9c68c863e2fc997bc657c9aba4b	25	26	582	5076
query-escaped-literal	contracts/map-filter-query-v0.1/inputs/escaped-literal.jcs	sha256:fb9b5e5cbb3187d47822f6e683037618e40ffe5a05e5b7f50ee2fd622627b15f	contracts/core-empty-effects-v0.1/records/query-escaped-literal.jcs	sha256:389340939f876c735f2be68e8f7fcabaee648e0a58b2b469b0b82c78a3c5afcd	25	26	582	5076
query-symbol-name-isolation	contracts/map-filter-query-v0.1/inputs/symbol-name-isolation.jcs	sha256:05590dcbd0439fdb1074427353ff1d704da544734e73706935cdbd031a16462a	contracts/core-empty-effects-v0.1/records/query-symbol-name-isolation.jcs	sha256:5995b3436c2825aff3e553b62dcac9ca34160f2bbbb0c158e5844611db3672c5	23	24	539	4716
query-compare-lt	contracts/map-filter-query-v0.1/inputs/compare-lt.jcs	sha256:26b308bd8de73558abbb8f3b415ca607cb135de73afff69f450f48369e4b298c	contracts/core-empty-effects-v0.1/records/query-compare-lt.jcs	sha256:852680f11e92739b4f9b23abf24215a842ab452839e48130b77df92cb965f214	28	30	676	5645
query-compare-le	contracts/map-filter-query-v0.1/inputs/compare-le.jcs	sha256:480923df3f0483f635c0cc6283a63eb6ac33c32bd15b670a286c3a26993e1b85	contracts/core-empty-effects-v0.1/records/query-compare-le.jcs	sha256:e0016ddb1569c546812baa50d91d0c70d84e11931714437c9bf9abd6d556ae16	28	30	676	5645
query-compare-gt	contracts/map-filter-query-v0.1/inputs/compare-gt.jcs	sha256:cc5d02099bc0afc35740463794bdfa7ce058026e8d7f387fabcab4adbecfa141	contracts/core-empty-effects-v0.1/records/query-compare-gt.jcs	sha256:de62029d1216131b0b0d174c9f5fc5fd98a8185887835f87633e33d87774e056	28	30	676	5645
query-compare-ge	contracts/map-filter-query-v0.1/inputs/compare-ge.jcs	sha256:1976dea914dbacd38696f1a537bbcdc3bb77f5d6b4ca4ef99b1d74cfe451bd57	contracts/core-empty-effects-v0.1/records/query-compare-ge.jcs	sha256:68e428cdfdf6b8ab55ab50b214ed12b345bf2c476a8f0916cb31419d33c04afe	28	30	676	5645
query-enum-not	contracts/map-filter-query-v0.1/inputs/enum-not.jcs	sha256:08359f4d59ef96cb975280187e39a6078dc5cb598b6fa4895c26462c787e67b1	contracts/core-empty-effects-v0.1/records/query-enum-not.jcs	sha256:500ffb38f09ab2fcde9695b59e819f0c1d8bee7b0fcaac82bc178db496d55560	29	31	730	5854
query-record-sibling-fault	contracts/map-filter-query-v0.1/inputs/record-sibling-fault.jcs	sha256:b0394b75bba418be5b1936cd14583086c1263d1ea5ce305ba105dcf15e036f85	contracts/core-empty-effects-v0.1/records/query-record-sibling-fault.jcs	sha256:5713dff05a3323616bc35e3a18f89dd8b718de6aaa9d31077bb452c3ef78bb86	33	34	1099	6859
query-record-constructor	contracts/map-filter-query-v0.1/inputs/record-constructor.jcs	sha256:14f0161645d73aa1479cb1a5b5cdce138eb741d802ccbeb596a4c5bc606e6f90	contracts/core-empty-effects-v0.1/records/query-record-constructor.jcs	sha256:a1c80c42258f4c6c694dea56526432305a7e8ff6e9f30de08aeeb69d98fe0635	29	30	930	6029
query-lookup-identity	contracts/map-filter-query-v0.1/inputs/lookup-identity.jcs	sha256:b52d41a7dcad8a7d6f6d21b29847343ff8eaccb4fbd7c106a116bca8ba85c8d8	contracts/core-empty-effects-v0.1/records/query-lookup-identity.jcs	sha256:1f684a2ffdc9c64f1c5b34e2a71b868a356591f9dc34c683eb8a2aa822f149d5	35	38	961	7044
query-lookup-missing	contracts/map-filter-query-v0.1/inputs/lookup-missing.jcs	sha256:ad994b1de27737b9f9aafcb546f145ca414f52cd8e626d6516203346e8d6c430	contracts/core-empty-effects-v0.1/records/query-lookup-missing.jcs	sha256:baff3044b4e2d1e9a0bbccfb08804caa633f46b1a127f06f8a4cf5d2f3de6bef	38	42	998	7543
query-nested-forall	contracts/map-filter-query-v0.1/inputs/nested-forall.jcs	sha256:dabe88f309a4244a654f96af5792a9e616e5009fe5d216a0fab5a7af7549675e	contracts/core-empty-effects-v0.1/records/query-nested-forall.jcs	sha256:55c0d704052b8e9b7ee92a0cc615cbf7094053a8146d5b16d1465d7ab376c2ef	31	34	799	6245
query-big-integer-overflow	contracts/map-filter-query-v0.1/inputs/big-integer-overflow.jcs	sha256:52fe5c5430978d51ac365300b416fd9930638da8b180febe35d0a7306fca5a8b	contracts/core-empty-effects-v0.1/records/query-big-integer-overflow.jcs	sha256:0577b62e4a0a0b15d053fae429c48fef2dae570e0a7e6c11bbf61926d6fb116c	27	28	650	5463
query-minimal	contracts/map-filter-query-v0.1/inputs/minimal.jcs	sha256:8ff1ed2f6edc8637d8e0f254e52229cca80efd94fd0f1b4ba2aea3eeb223acfc	contracts/core-empty-effects-v0.1/records/query-minimal.jcs	sha256:0fea2e6952574c77f3fcc432836ffc5c85933b05de23da1b9614fddeb88e2466	6	6	33	1619
query-no-guarantee	contracts/map-filter-query-v0.2/inputs/no-guarantee.jcs	sha256:b2cb0c845b7c3046aae5b0c374a88844f85ea25d1302dde97624f59e201fecb8	contracts/core-empty-effects-v0.1/records/query-no-guarantee.jcs	sha256:08a8df771f123a20c5ef9e66599820d894afbde4c1aa6f0c05b978c3d47acc49	21	22	523	4372
query-false-guarantee	contracts/map-filter-query-v0.2/inputs/false-guarantee.jcs	sha256:9684669739e54f46ee5ddf525b647ff2bfbf9e9c1add26979ea93cfe1e6a0127	contracts/core-empty-effects-v0.1/records/query-false-guarantee.jcs	sha256:71b7547088780e2db0cc1f668124e10347d7f47a6c5f4e5d882f4f2ba15e728b	23	24	539	4716
query-node-strict-and	contracts/map-filter-query-v0.2/inputs/node-strict-and.jcs	sha256:c0054a8205870434e27ef9950d24dfab0baa7b1a18235876d7431e243cf38ec9	contracts/core-empty-effects-v0.1/records/query-node-strict-and.jcs	sha256:1ec5850bc56ce01fb02f9b9be913222dc0bc9bd4aedd342a5f522090fdb72667	31	33	765	6189
query-node-strict-or	contracts/map-filter-query-v0.2/inputs/node-strict-or.jcs	sha256:8bd846cd5e098b59a8f50605e25f63927b383a9ab7009eeff339725a8dd83b45	contracts/core-empty-effects-v0.1/records/query-node-strict-or.jcs	sha256:158a396c765cd8e34b7ce3ff912955415765ea0005e605e9fb070ed83e83e75c	31	33	765	6188
query-node-match-option	contracts/map-filter-query-v0.2/inputs/node-match-option.jcs	sha256:79de76724f27c5717f9616fa7987bee85445598858f0b518b5a53f4bb1989589	contracts/core-empty-effects-v0.1/records/query-node-match-option.jcs	sha256:ea1f84348d5d27fd76f48bcafe9bbd17b7a6eb7024b3c6e00d60ece649d6e92b	28	29	748	5715
query-downstream-fault	contracts/map-filter-query-v0.2/inputs/downstream-fault.jcs	sha256:2b37c67cc851226a28cf1695fb8675845d4d91e7d164e2e2cf97ee23048e1561	contracts/core-empty-effects-v0.1/records/query-downstream-fault.jcs	sha256:1be73ec13ecac1765ffeca2efe50bf0366c72822057dd101df1a48226047f3de	26	28	598	5259
query-capacity-unrestricted	contracts/map-filter-query-v0.2/inputs/capacity-unrestricted.jcs	sha256:e55048385d803776d8bbccc659384791e4ceb56895009ab12fda80c41d83998c	contracts/core-empty-effects-v0.1/records/query-capacity-unrestricted.jcs	sha256:2845ae1d7ce11a424a71fd8b493378d865b3fb65282446f4da6d19f2722ab787	25	27	554	5048
query-renamed-key	contracts/map-filter-query-v0.2/inputs/renamed-key.jcs	sha256:9f755518c6f72aaa4a8cb5d051c50a3012fa3aca0d46c7ee8eedb70c3504008b	contracts/core-empty-effects-v0.1/records/query-renamed-key.jcs	sha256:0e0136e67607eb8babf6c54649c58a601a29098dcdf4863135aab9d9f601deeb	23	24	539	4716
query-renamed-interface	contracts/map-filter-query-v0.2/inputs/renamed-interface.jcs	sha256:298c4dfa5fbce35b7d9a4a1ff626a5eadda49e351606b275953813b6fc147059	contracts/core-empty-effects-v0.1/records/query-renamed-interface.jcs	sha256:49e0bf21ac209b1f48e652db0dee71ff7452dbb5d555fd92a49245e0833885b2	25	26	632	5122
query-node-record-sibling	contracts/map-filter-query-v0.2/inputs/node-record-sibling.jcs	sha256:3aaf02c720e84792a35c9e3f0a0961f231d1f94aa9ffe9f35693e01d33ff7324	contracts/core-empty-effects-v0.1/records/query-node-record-sibling.jcs	sha256:6daa848258e39826314cbee89cddcc5f2d2793cd601576f9c31c6005c217047f	30	31	1068	6335
query-capacity-zero	contracts/map-filter-query-v0.3/inputs/capacity-zero.jcs	sha256:ddf6e5b843927e807035fdec008d89c0135c3120c34eb1a6bb8b5feda84e1b69	contracts/core-empty-effects-v0.1/records/query-capacity-zero.jcs	sha256:9759f854d3b5a6a42a2c8e81477f3941d63bdb83465985bb48b1109c07e5b7a8	25	27	554	5048
query-capacity-sparse	contracts/map-filter-query-v0.3/inputs/capacity-sparse.jcs	sha256:e04a7517d5403b930be4c7a5ede3fe592e3c99a81855d23946f96f461f26485b	contracts/core-empty-effects-v0.1/records/query-capacity-sparse.jcs	sha256:1c3c1c2d020a0975cd2df0869b6cd054b887ac65a014fdbc6831b920e1429d95	26	28	576	5215
query-predicate-fault-capacity	contracts/map-filter-query-v0.3/inputs/predicate-fault-capacity.jcs	sha256:8529023f4f6a67a7a50d3c4a60aac23cdc56c598b9015c8aee22a7abb27a4745	contracts/core-empty-effects-v0.1/records/query-predicate-fault-capacity.jcs	sha256:3a4c232150be455b1b92382f928c8e97243962bd524637f2f33039df6093ff86	31	33	765	6188
query-capacity-pre-false	contracts/map-filter-query-v0.3/inputs/capacity-pre-false.jcs	sha256:aae0f852c661a83898ac5de0f51a7ca14374f882ee55a4e8460e83cdff2abb85	contracts/core-empty-effects-v0.1/records/query-capacity-pre-false.jcs	sha256:b9db932461c9c72161a34a735fec7713be3c704a3f8d06d250266fcc24fcc4f3	27	29	570	5389
query-capacity-pre-fault	contracts/map-filter-query-v0.3/inputs/capacity-pre-fault.jcs	sha256:5f2fe4deaf14278868c13367dc60b7361457052fb7dbb6ca8599bb63aec2cfe4	contracts/core-empty-effects-v0.1/records/query-capacity-pre-fault.jcs	sha256:a6ad6946555d794eb104eaf0021de9b3c96ba71640ad64f028107e858af5d64b	31	33	681	6136
query-capacity-unrelated-fault	contracts/map-filter-query-v0.3/inputs/capacity-unrelated-fault.jcs	sha256:182929d9eef9451e86f4876f4bc729435554a807b797abdf005ad3265a6393b1	contracts/core-empty-effects-v0.1/records/query-capacity-unrelated-fault.jcs	sha256:d2a1a73f979d46c328f99914672ddb46d0d6f39e6bc85f8bb475f57ac31ea237	44	48	1106	8456
query-composite-unicode	contracts/map-filter-query-v0.3/inputs/composite-unicode.jcs	sha256:aefe691372266a237702a58f55be2c03a39d49ac74e983f3344a68cf4a6c446d	contracts/core-empty-effects-v0.1/records/query-composite-unicode.jcs	sha256:f8de24bf755c047d7dff3711210d0f0474a007445eaa89c76bdb6b83cf6199e9	25	27	554	5048
query-select-none	contracts/map-filter-query-v0.4/inputs/select-none.jcs	sha256:6a5910fe0f30ea3a3161229bbfca4454e455999726f98d47ecabeab8566b1574	contracts/core-empty-effects-v0.1/records/query-select-none.jcs	sha256:3b67cde69c0aa70f780b58d60e68f7954dd635b163132e6ef5610d6a4791823e	25	27	554	5048
query-wrong-business-predicate	contracts/map-filter-query-v0.4/inputs/wrong-business-predicate.jcs	sha256:6e879e607cbdc0382f8e40d38b76e94073f0991ba9ef2ad8023d7ae40b8a4cbd	contracts/core-empty-effects-v0.1/records/query-wrong-business-predicate.jcs	sha256:9b763261e45b83527c664ec9c50662a36aebd71e20070dea8cc01775dba22557	28	30	624	5571
query-composite-key-permutation	contracts/map-filter-query-v0.4/inputs/composite-key-permutation.jcs	sha256:37dd4c60f8965e62c9cb415e1e9d92163da27ff6e045d1c35f49ed31ebeb0fbf	contracts/core-empty-effects-v0.1/records/query-composite-key-permutation.jcs	sha256:b24d4aa1a37b2b2e29f8fde2a1a9f3a3212b4c8d6707646655b771f35792faeb	23	24	539	4716
resource-count_where	contracts/map-filter-query-v0.2/resource-inputs/count_where.jcs	sha256:3eacb21aea7764492ff7c0e413ecd77de2c2a9fb2e711da6181b70179fd1aa04	contracts/core-empty-effects-v0.1/records/resource-count_where.jcs	sha256:fa2ce9f50fd1924d81c61d4f73ece15f9daaf0c3b681b806ad065af94e28a864	27	29	644	5464
resource-exists_rows	contracts/map-filter-query-v0.2/resource-inputs/exists_rows.jcs	sha256:fc85b623ace32f9765bd601daad54904ba7c45bac42d99bdc79823dff19ff0de	contracts/core-empty-effects-v0.1/records/resource-exists_rows.jcs	sha256:bc532e827d0b319b660b414769b3e1c8454926ca9efb31ee0dc606193e22ba22	25	27	582	5086
resource-huge-input	contracts/map-filter-query-v0.2/resource-inputs/huge-input.jcs	sha256:7ddedb4418b5ab18a56d36e1aa013908571daa95c4cd6306c5b49888911d26d0	contracts/core-empty-effects-v0.1/records/resource-huge-input.jcs	sha256:66d9b093e06bdb272cf4a4645cd3b72562b6c8bea5e35db062e2308bc1f04749	23	24	539	4716
resource-sum_where	contracts/map-filter-query-v0.2/resource-inputs/sum_where.jcs	sha256:6dd51a10060e4bd764931c5765860db4317e69e9291ac473ccb31da803b25cc4	contracts/core-empty-effects-v0.1/records/resource-sum_where.jcs	sha256:94ffd8406584985086c1b668f88a3d10f42d6f0677433d48ddb67c8fa1694abb	29	31	715	5846
nested-expansion	contracts/map-filter-query-v0.1/resource-inputs/nested-expansion.jcs	sha256:bc141011a85abc32b29a26a4ab9320b9fef4eb639d1ab45ea3a3c0e38b5e031f	contracts/core-empty-effects-v0.1/records/nested-expansion.jcs	sha256:0d3b09fe43d424f8cea7faaa9af0d25f04008084fed92604d49b286f7c29194a	143	204	27899	51739
