ax-b01-correct	crates/axiom-ir/tests/fixtures/v0.2/migrated/ax-b01-correct.jcs	sha256:90d876b9fdd533944e09f4274ba4aaa313d179454427e60eca81575707054f0b	sha256:9a62d3b9397f2db664786d64ad77b848a53c46e62186edc29d2c31f665db9f2a	13	3117	70	4862	sha256:5edf309363ddb36f219a317e2cb714ba0673669c26f1b376368f22c9d327356f
ax-b01-wrong-add	crates/axiom-ir/tests/fixtures/v0.2/migrated/ax-b01-wrong-add.jcs	sha256:d79e3052c7c50c6fea9b17fc76d0a3ac56729bbd458f0c09e55668b7ad0dff3f	sha256:10e99922b4fe1c1490703b6e61dcc13e810b6dbfd5ffa1a444314a7d201fc970	13	3117	70	4862	sha256:5aef69443654457bacfd8eadcf7daf0b7fee4d9379cd829c6c64d0bfa796e28a
ax-b01-wrong-drop-zero	crates/axiom-ir/tests/fixtures/v0.2/migrated/ax-b01-wrong-drop-zero.jcs	sha256:dfe7423b861b6281c4707c0d0e9ef828b3f521ef9a07ab706f3a6b7e96731eb4	sha256:445cb216e2b5d2a7dc4f4ddf630da757b725312f2a25fef5bb5d947f0eb6ca30	13	3117	70	4862	sha256:0ef732728c21aaee13f32796496d895437284b82254ef5c676a6e2ea5362e50b
ax-b02-correct	crates/axiom-ir/tests/fixtures/v0.2/migrated/ax-b02-correct.jcs	sha256:0c78750cde6e9b00938478494200208b9e269baebfeeff2081d4224f96b9554a	sha256:bcd84b4f18419055f06a639540ceaaeb26095e17169747cc13c7730289d0ab28	8	1788	0	3058	sha256:4defb7e39e678e5a39b13ddcd579ea3beabe43bac3720b9fd0696ee8c4519a20
ax-b02-wrong-constant-tier	crates/axiom-ir/tests/fixtures/v0.2/migrated/ax-b02-wrong-constant-tier.jcs	sha256:5c1bca4359bbd1a26df13ad70d1db9fe0179301c5333500a5a057c0e0178715e	sha256:a5db5a3aab850a4a760aee4b8b504af2e93b96f92d32cb72d05b92ac28428cef	8	1788	0	3058	sha256:1744630063a91da31ad4e5ba2343c8c2a180f6aea17796eaeddb10d2d4c364d2
ax-b02-wrong-region-join	crates/axiom-ir/tests/fixtures/v0.2/migrated/ax-b02-wrong-region-join.jcs	sha256:8bc01e63b1ecae534ef83e63f73c02c577b08d324a2ffb4b7064c05e340c67fe	sha256:b9330e8d9000c11dc5c4a02397b08d13fc640636487aeb219b3ca6c5deee05bb	8	1788	0	3058	sha256:48a20e11397029a1fddee7f3f03a398453bdddd97ae67e4231959321260a4e7c
ax-b03-correct	crates/axiom-ir/tests/fixtures/v0.2/migrated/ax-b03-correct.jcs	sha256:1ef9446471f85b12c1ac70ff6e4ae6b7a0f26d7830988cdf1b2499a90b5823e3	sha256:dd7c95e3b1ba9126366ff2828ad9c40dfd37b16e784a03ac14574a93ef71189a	14	3467	134	5307	sha256:d8da55ae20b208cd7ae75b36af633294931ae6b783b554a6e87da7921f4d0910
ax-b03-wrong-single-group	crates/axiom-ir/tests/fixtures/v0.2/migrated/ax-b03-wrong-single-group.jcs	sha256:94454e142e954ddd330d7ac32d635dcfa6f92c260a1362c371823b40b1e48edb	sha256:12f6a2b66e5e7bd260a2510de3aa367ff3746d9dc2bee192d4117c571a81083f	17	4201	134	6326	sha256:f3f6a43233d3cad31964df40deaad57b3b5d47493499482566359e02ed63c4cb
ax-b03-wrong-unit-sum	crates/axiom-ir/tests/fixtures/v0.2/migrated/ax-b03-wrong-unit-sum.jcs	sha256:2551c248d172de2b3f35f91c041e7799c3d4d85a7a0ed432056e683859d57120	sha256:f466e41029f3b4d36db109a39b6a9398940d8dc3e52679848e4b2856f9071452	17	4201	134	6326	sha256:42ffaefd557ae54e98b77091980b894fb807c0f8cc153318d4d7714ad5ef5a5a
ax-b04-correct	crates/axiom-ir/tests/fixtures/v0.2/migrated/ax-b04-correct.jcs	sha256:2a534e86f7db392dcb0a936365515cd73601d7f73c38268f34913aba49471e51	sha256:ed2d245a23c4a1fdc8b44bba16200c56b738a1f82a02066ed0e2566a9d67d5c1	10	2262	0	3722	sha256:0939b1a66c134a07fdb5948c055aaf8c7fa0e437e04d3044223ab921937c5e5e
ax-b04-wrong-sensitive-filter	crates/axiom-ir/tests/fixtures/v0.2/migrated/ax-b04-wrong-sensitive-filter.jcs	sha256:e63c1e06fd42feab80401528dd8c8dc2272757c5e800cb1603c4227f198ef38b	sha256:02d039ef31e8026a4c6e5059bb51546b86fa27bcdcdc6ff2a5de3da2b626ef5c	13	2996	0	4741	sha256:52ca8f2673bb926681f26fc1c2a7abc2a756b6c1299512defe91c5b61c64caf2
ax-b04-wrong-sensitive-priority	crates/axiom-ir/tests/fixtures/v0.2/migrated/ax-b04-wrong-sensitive-priority.jcs	sha256:010175a4ffb4c7f0e84a17512f943710ffd1a47f362098e8b3c48442ccd8a4ea	sha256:282604938afd465611ac1684db3490c2dfcaf137d418d48c7395eeec60c11cfb	10	2262	0	3722	sha256:47eb687e0b91de991b5acb0418e6b9b37b10306c5e8251fa08fe86d307e85a8c
node	crates/axiom-ir/tests/fixtures/v0.2/migrated/node.jcs	sha256:aa5ded3cc1035b20a9a5595658ddfe389be078326e24de6d40bd5215bc0bb2f2	sha256:43e9463dd7aadbf2d2a8e1d96376788e3b981befcc7897fca9140b764c285894	21	4971	36	7476	sha256:07cd20b4819ff564605ab0b00e60f5fb3881425ea7203561cb1d07f19a0c1395
contract	crates/axiom-ir/tests/fixtures/v0.2/migrated/contract.jcs	sha256:94fa4434bd9960a82fe9fdfc3bbc7df9201437aa7a7901eb1a4b0698106a7454	sha256:0a760f195e35bfa47e187494576d997b0f433bc6cabf3847e5459c05b07aeb2b	45	10609	146	15394	sha256:fdcd0439e896c785b3d9fa3913823011c8bf05d697b4e95b91fd0463b62a786e
type	crates/axiom-ir/tests/fixtures/v0.2/migrated/type.jcs	sha256:bee886b6093b46d939559a99d5fbcf70ef8537b24a6fb06c31994ccd592868a2	sha256:bd330ef96287c882a8ddd510666d72a3ba2941af38bbee16fa076b5a59b1f62d	17	3721	0	5846	sha256:272cbf30518fa881f285b0fd4acc38289ce3f095d42c2b29ba1da990e18aea80
deep-binders	crates/axiom-ir/tests/fixtures/v0.2/migrated/deep-binders.jcs	sha256:e7f3c0486072dd8b5a50ea4da0b261f3722cba1115f74f89ebc0aad5699a069c	sha256:eee23b134d6c4b198b46da0250b9532d4016c736dc19b77a451930af8c61d6d3	17	3721	0	5846	sha256:eae34ae51fd4ed5488d306a78190dacce4c534f1c791d23b9bd5060287c348c1
mixed-int-ranges	crates/axiom-ir/tests/fixtures/v0.2/migrated/mixed-int-ranges.jcs	sha256:1012e5625a10e873ad7f3b877b1e27530b7f974928651b2a98049699189e6b0f	sha256:4492a3ad8852f734bb7a190a02cce0e6f6b6c5dca2fa1d7a653afc7f0ac99b8e	9	1995	0	3360	sha256:276f45461c6f725302b242f3f21969bf826e67568801b598c50f076dd5ba0fcc
unicode-nfc	crates/axiom-ir/tests/fixtures/v0.2/migrated/unicode-nfc.jcs	sha256:67386b2b07293e6eb954a8ec0419c38a554840c9a74abd09caa9290c76d1c2c5	sha256:1bec7c53e8f89a60ebc0b46c7d7452792911237ad6e06c2dae812764e97bbc19	17	3713	0	5838	sha256:40ec7b463e9d36ae4f1cb1e16cf49f34c85b33e1a38d7b974ceb25fd3d3253de
unicode-nfd	crates/axiom-ir/tests/fixtures/v0.2/migrated/unicode-nfd.jcs	sha256:4de71cac5c228258331939bb395067499c3f62b01ccff4eba96933ff6b9c4ab9	sha256:4ec6dcc68b8202edc53fc328a103ea4539f47bced340155875111fc507330e85	17	3717	0	5842	sha256:7b3be33366fe72bc525ed9aef8dbbbfb27f8147525e81440a067f9ead1f29782
references	crates/axiom-ir/tests/fixtures/v0.2/migrated/references.jcs	sha256:3d931a283cebf3442fd91a72ce93eb74f1ec642aec72f06cc76554672c81bbe8	sha256:9acc8353b42e2c993e09879fd203c679cabacf55aa1e13cbe8d14cb3165b34e6	18	4248	0	6468	sha256:7b0fbee5a4070f75a73d9431dc691c9788b0c1d29f6b6bb731f02c6eb811ab2b
records	crates/axiom-ir/tests/fixtures/v0.2/records.jcs	sha256:35698da212785dcaac4691334c549c6062a5659eec1d9c0a32da6c8aed32468a	sha256:f9dbe5ab48a0c34ec95776ee25b2f5b906a42b151b923bc200a38b8a14caa7ff	10	2223	0	3683	sha256:778d96dddd3f367208d7095281847f6d172d1081cca36355fd5ebd29563b4339
all-numeric-positions	contracts/ir-derived-obligations-v0.2/inputs/all-numeric-positions.jcs	sha256:13c6a1a12d79438c08f69418ca37b92fcbc96687deb8ed98724aca17fb99bb41	sha256:17548fdc8108cba783b281c6d6251e27a53bf048c66c4be44eda58d71c5b80eb	24	6093	335	8883	sha256:4c5471f7b8f3850e813aef79da9e756948340bac73bfdfb5ae7b7171e08b8e56
changed-pre	contracts/ir-derived-obligations-v0.2/inputs/changed-pre.jcs	sha256:d1d6665d687429a14c7a0b5bdbe123fa22e22674997a5b6ad16b25d1eddc91fc	sha256:fc992e7e9d569c7be281beadc809b073d31ba3fde4cdee5485656e397cd66e75	24	6093	335	8883	sha256:0750606044ed441e3cea6128b3c32b062a800cf5925101c4c7fe1d7a1953233c
empty-group-no-aggregates	contracts/ir-derived-obligations-v0.2/inputs/empty-group-no-aggregates.jcs	sha256:233a0a53656ae7eba250ff18841422376f3eee8452b92605fa4148af6eb5fdd3	sha256:1888e9decfba63fd36bd2658ca4d1364c6355245832cb7ec706e21d75b120fa6	7	1549	0	2724	sha256:b6d1cdeee98c2b00206c57add56e6f6b5ac46fe814023fa1addff7031d0f933e
same-node-two-outputs	contracts/ir-derived-obligations-v0.2/inputs/same-node-two-outputs.jcs	sha256:9013caf7e78f3a6a014024bfd27baf37ae18f1993339f1319bb857980d3cad54	sha256:f17bf26b584f5313303cd6216a0de946a49255794e1ae0ea94e48b43f22659f5	8	1777	0	3047	sha256:ed4ff2f5e5a14681e122b4fc91128f3974e3ff3cda24bde0dd18441a983c4cd5
deep-numeric	contracts/ir-derived-obligations-v0.2/inputs/deep-numeric.jcs	sha256:fbaf17d72a373da169465fcad798c60e4d6d4fe2115b7e4542a92759945c0b47	sha256:c17203eb4afa24d9565eed53b08aee14da5bdea12fe039dcde4a0841aa512b6e	104	63869	36750	74259	sha256:d785bfa9ae715759210d3f918286519f2d17f6587da54262c2ec247594dad845
