omit-row-coverage	ax-b03-correct	MissingObligation
omit-group-conservation	ax-b03-correct	MissingObligation
omit-numeric-range	ax-b03-correct	MissingObligation
duplicate	ax-b03-correct	DuplicateId
wrong-expectation	ax-b03-correct	UnexpectedObligation
wrong-path	ax-b03-correct	UnexpectedObligation
other-ir-context	ax-b03-correct	UnexpectedObligation
old-anchor-shape	ax-b03-correct	UnexpectedObligation
extra-input-totality	ax-b03-correct	UnexpectedObligation
old-domain	ax-b03-correct	IdentityMismatch
missing-nul	ax-b03-correct	IdentityMismatch
wrapper-hash	ax-b03-correct	IdentityMismatch
result-in-p2	ax-b03-correct	UnexpectedMember
reverse-order	ax-b03-correct	NonCanonicalOrder
omit-aggregate-0	ax-b03-correct	MissingObligation
omit-aggregate-1	ax-b03-correct	MissingObligation
wrong-scope	ax-b03-correct	BindingMismatch
wrong-format_version	ax-b03-correct	BindingMismatch
wrong-ir_version	ax-b03-correct	BindingMismatch
wrong-format	ax-b03-correct	BindingMismatch
wrong-ir_artifact	ax-b03-correct	BindingMismatch
wrong-ir_document_digest	ax-b03-correct	BindingMismatch
missing-scope	ax-b03-correct	MissingMember
missing-ir_version	ax-b03-correct	MissingMember
wrong-semantics-sha256	ax-b03-correct	BindingMismatch
wrong-obligation_profile-name	ax-b03-correct	BindingMismatch
wrong-obligation_profile-version	ax-b03-correct	BindingMismatch
conclusion-forbidden	ax-b03-correct	UnexpectedMember
empty-inventory	ax-b03-correct	MissingObligation
